username,follower,following
100alluringbh,"2,659",576
13peachpat,103,100
14_0121_tcx,270,643
1797pp,83,243
1imck,305,"1,514"
22tttop,72,414
94ws_,67.4K,126
___lgc___,53,184
_choccola01,29.1K,649
_giuzeppina,56,92
_mnpqs,"1,639",97
_mybliss,10K,20
_pr0mise13,10,70
aboyshnn,67,21
ai_mynamesa,44,173
an_auroria,"5,076","1,179"
anarakul,7,19
anemonefience,51,134
angangopilan,111.9K,124
anies_nini,8,66
aomdaydream,8,45
areerakfon2,185,588
ayayayayaya50,67,487
baiiiii_i,85,87
bank5712,148,119
barabkpp,"7,477",148
bebeam03,224,208
beforeweshine,873,309
benzjicyj,"1,683",230
biggbiggyabc,1.4M,705
black_apple_z,143,512
blossomtkk,507,191
bo027p,"1,510",261
bublebb94,161,109
bumbummie34,110,323
bummie_10,"2,060",641
carpediemonmars,"2,144","1,052"
cazus_sifo,244,168
chalahedchalamz,72,366
chamin_tea,473,364
chandiola,"1,806",0
chemistrys_c_n,390,144
chhhhmarrrr,41,145
cnew888,259.7K,174
coolkidneverhot,32.4K,286
cosmology1201,0,65
crazy_kob,"2,445",679
deerdecember,653,543
dontsmileatmejn,"3,232",187
dpfdpavhs,"1,495",186
dream42353417,98,120
f__lmoon,227,623
fagalalalll,183,"1,105"
february_fri,57,244
fffrancee,"1,486",217
forningning_th,12K,71
freeyouthth,396.1K,20
g_thichadad,74,181
galaxyfanfan627,734,227
genlypeachx_me,"1,550",247
gingerbaekman,"6,069",410
guiforkids,"1,470",153
gummygumm_,56,193
hellohaechan_th,90.8K,179
hlfgs,"1,524",45
hndkvvpcciiiyiw,3,0
honeymyrm_,185,316
iam_lillyy_x,426,284
iamnomp,745,199
ilawfx,244.2K,297
ipseua,282,399
itakkung,302.5K,457
ititmeme,57,387
izunfloveru,676,260
j_sindhuprai,64.5K,253
jaokrarokmh,915,590
jbisbestleader,"4,537",177
jiminiewith,87,214
jjomjjamk,110,258
jkimfolder,145.6K,803
jks05949033,94,39
jmjpyby_g7,"1,957",387
joe_black317,92.7K,765
judythecatz,"5,805",117
julynt_,602,112
juwithi,"2,196",642
jxxune94,115,80
kam_swaggg,"3,155",888
kanwaela,11.6K,269
khaosodonline,637K,110
kookv1535lux,"2,037",47
krisyeol_redtea,"3,299",380
kugkigz,184,448
kyummyz,130,392
kyupore,"4,300",424
lemon13755,3,32
lillieblackpink,180,495
little3_3nat,299,669
littlefreakskey,"3,913",297
lp9pqg83vwcfzci,21,35
lunarnapq,247,554
malinw0rld,72K,94
manamaa2018,209,"1,414"
manondueygunmai,143,59
matichononline,1M,400
maysa_aprilis,445,187
mensblack_,"5,424",540
mfpthailand,332.3K,217
miejung_,10.8K,176
mimewmymow,"1,204",668
minikoong,"8,225",344
mintraht1525,620,331
moja29563076,277,10
momo25402,82,39
momoko000momoko,375,883
mrgingerbed,"8,200",57
myfuckingworld8,"6,478",194
naazuokaa,24,76
namimorischool,"1,712","2,055"
nanaicez,54.2K,982
nanlaos,379,385
narakkkkkkkkkk_,71,67
narin383,56,10
naruthepk,127,161
nefj94,145.1K,53
nichada9428,285,197
nm__area223,"1,548",794
nook7824,606,394
nookchun,167,181
nooklongly,89,326
nopswu1,89,55
nosalimlist,77.2K,0
ntaa94,49,76
nxmte_oi,22,99
officialopol,112,99
oilk_land,"1,944",180
ompkanish,23.3K,311
onenightbkk2016,427,314
onmymind59,82,167
oohunc,"1,561",297
oomlack,17,2
oonginlavender,940,166
pamu_mi,126,336
paploy29,144,275
peggyyama_716,"1,470",98
peppypeach,14.9K,77
phobeya,183,401
phuphu,51.8K,801
pick_pickmeup,"3,759",374
pimchanut,"1,523",450
pitchayapol,13,194
plodaek,74.7K,102
ploytonium,4,2
pmusbc,57,757
poipoy_naka,"2,738",284
pompomcoffee,50.6K,87
pongkwans,"9,501",558
pongpiya23,228,515
pprp_unofficial,110.4K,790
ppsunday,150,409
prachatai,332K,14
prasitputt,427,253
prebple,"2,905",368
pripri_mana,"3,160",300
pttonsonnr,"5,312",164
pynphimeensrii,273,757
queentogetheris,692.7K,0
quizx92_,964,542
rinna12731,753,580
rukthub,10,74
saart_tanis,16.4K,204
sahinop,20.1K,762
samudbantuk,"4,135",718
sarinubia,305,420
shekhawati6,59,182
sirotek,316.9K,233
ssriiiiiii94,"1,244",542
ssweqss,617,288
stampwords,22.1K,576
stitch_pololo,1.1M,7
superroboti,5,3
sxhrdru,64,0
tan_elric,17,678
tanawatofficial,377.8K,43
tangzmay,"2,331",492
tantancyx,258,272
ten89ten,234,191
thaienquirer,75.7K,229
thammasatuftd,254.4K,35
thawaenka,27,121
theconando,32.4K,721
thestandardth,578.1K,4
topazine,379.6K,564
tostevinm,265.2K,"1,660"
tpagon,797K,780
tsererak,241.6K,64
twitphob,127,58
ud_awat,217.9K,407
veasarach_fwp,"6,425",440
whathappeninmob,22.9K,218
wpxxvz,"1,072",97
yoke_bear,255,353
yoyoyeyer,82,356
yutathailand,73.4K,122
ywianr,"8,946",179
zealot_eye,"1,762",533
zebxq,"2,070",59
zinsixsix,69,907
zipadeedudaa,"6,683",88
03decp,53,326
0805_fany,191,86
13fpi____,"1,984",362
1992earthh,48.3K,776
1artie1,296.9K,0
1stfancyxyeji,42,40
25novemm,42,425
366_ofjeno,"4,729","1,903"
5_ab6ix,496,95
8laryn,122,95
9nine0625,"8,501",197
_333typ333_,393,413
__knightx,392,714
_g3wp3r,22.3K,125
_pprincess_,"1,024",147
addanappp,363,319
aig000000,50,14
aloneww,438.4K,222
aomaphiwat14,52,97
aomyeol_,"7,921",299
aphisit_zerosix,262,91
armmmmmm_,413,403
artitdusk,582,257
atommanita,"4,183",737
aurora_tt98,362,691
axnwa_,354,192
bbaekly__,"1,797",309
bbh_vwz,"2,195",75
bee69941503,97,38
beomiitilove,634,"1,020"
beso_nosy,"1,378",228
bestt_bw,152,90
bewkiki_hottest,731,195
biewjung,960,248
billbilly01,23.6K,131
bkksnow,300.5K,"1,695"
bluetention,644,101
bmzsgy,"1,111",843
bvoqa,433,907
caretootwin,137,432
chocooreomilk,39,487
chogieswagz,345.6K,88
chuuuuui,"1,956",393
cintageshop,"4,476",0
cookcucucu,32.2K,298
cookies_styles,886,697
da_mike,11.6K,736
decembl0ssom,"6,270",180
diary199x,451,178
diarytxt_,"9,417",128
diidorable,28.1K,694
donya_jz,208,202
doxblebam,371,381
dream_v0613,133,392
driceewp,13,143
efw1jf6mwtki7ab,26,35
emesspace,86.6K,215
ewew_01,313,118
farinepnz,"3,996",250
fernhaefory,20.5K,289
fffraodtk,145,920
fz_fang,49.9K,228
gamonionjs,857,198
gdttyds,35,319
greenmintclover,"1,543",941
happytoseeworld,26,161
heybabyleebrow_,362,909
hhnsjt,509,317
hwishy2903,445,290
i_cezy,"6,539",89
iam_nichalala,"4,310",66
iboate,"6,287",994
il_mtuanpepijy,"1,645",521
indiepk,829,105
ismuffin,15.4K,482
iu_bcu,37.9K,96
jabont,"4,555","1,887"
jakkrittomtom,278.2K,"1,922"
jamaisvu_u,16,254
jankzinn,41,60
jaojar5,44,755
jiminchieng,195,664
jjjisee,92,477
jmhc00,158,99
jmvj_97,130,19
joexjayo,35K,59
joshuawongcf,725.3K,"1,205"
joylerr_rm,191,206
jungwooyy,65.5K,149
k_dramath,"6,089",96
khunjisa,20.4K,963
kimfaree,348,241
kiriloey,234,55
kk_txt,63,53
kklng7,127,537
kouvyy,420,266
kyeiiy,320,281
kyn10010,52,282
lalisa14896622,10,142
lapsukkitkul,55,18
leucocy1e,0,13
lineprintt,"3,321",308
liszukung,16.2K,199
littlehogweed,649,113
liws7e5dislkjg3,51,102
ll1653,7,3
madboymky,281,287
maysmilexx,285,201
mean_nevernika,48.4K,163
mercredimatin_,"3,528",90
merrygojay,"1,716",197
minedaniaa,207,275
minija18,34,576
minyomine,360,997
mirror_org,56.5K,60
missbroccoli_,20.7K,616
mjubeii,139,94
mmintjtwn,580,304
mobmaith,"8,145",22
mondayishell,414,36
monkonswag,608,171
moodygrlss,453,474
mookkkkkkk21,14,34
mookmiksone,"2,390",306
moonblue85,524,417
msmelissa_lewis,76,384
mukgooma,"4,124",142
murxcs,25,0
mycutestkittens,"3,050",291
mymtuanp,50.2K,95
mysunisfullsun,854,199
n_nutty_art,112,190
naapuuz,445,472
nanainamist,"1,523",690
nipapor62230317,33,363
njmandmoon,10.1K,174
nnnestz,254.6K,637
nnnk_kg,3,28
nobraoriginal,"2,340","1,743"
noonas18,"1,927",666
notomasahi,70,"1,325"
notyournm_,103,222
nqueen_yo,"7,390",954
nuttaabow,80.7K,729
obanai_dek63,"1,850",101
oil_luckylove,813,24
ongpaprika,"1,655",590
owariyumei,"8,338",280
p__babysbreath,"1,815",34
p_adnilaw,52,573
palrak,"8,580","5,966"
parevava_pp,163,506
patchayaneea,"3,813",959
patita8942,159,"1,202"
pending_8,451,32
perryperron_,25,88
pinkypig_lll_,500,136
pjtulippy,"4,453",189
plagimlim,339,51
pleasedontsee,79,67
plobjai,1.7M,579
pniiam_,42.4K,500
pnvich,29.5K,868
pnylmd,"1,664",99
pookiee_art,19.4K,238
pop__haha,106,302
popwara38,134,795
pssyppl,"8,142",442
ptd_eunjihyo,"2,111",351
puikub_kub,92,64
qode_,"1,968",386
qqsbpp,118,144
raebenola,821,230
rainshine_day2,173,150
rangsimanrome,479.6K,252
realboeky,"7,535",175
red_cheek_byung,"4,567",544
replyoom,147,673
rose392837,150,234
roseapple_rose,46,6
sakdadadaeiei,145,292
sasi_444,23,7
savageb23445163,227,380
savesanee,45,169
sffnter,75,26
sheets_kk,385,185
sickpsych_,18.1K,664
sirinun_l,73,181
snblackpink,"1,672",194
ssslluv,55,260
stndxx,253,28
swmybdn,369,322
sxdeverwexk,134,427
sxhys,272,719
taehyungmademyd,142,373
tellementmenthe,10K,"3,270"
thatey11,59,119
thaxx_ixx,377,862
the9ng,25.5K,452
thebattz,"3,025",156
thematterco,317.5K,22
tiiipiv,495,332
tn_ttrt,56,597
tohnap,485,155
toptapplaych,426.3K,448
tptourpab,42K,467
tre12nu,131,264
tttttttii1,268,243
tuanxc93,577,66
tumhunth,"6,028",236
txxwyb85_,809,262
tytheuniverse,"3,568",396
uauajutatip,35K,74
untitlemm,115,96
view_rnraj,478,523
violettewautier,117.9K,157
vousjay2,"9,163",524
vshopdouble,20.9K,134
wanwannxx,28.5K,274
watjana_pp,33,338
webdevxp,"4,027",414
webelongth,"3,914",4
whereismoment11,23.8K,191
wich2540,320,702
winkingkk,"3,062",86
woocat_1,"8,940",131
wwwchanicha,223,592
xoxo_22ll,972,123
xxbxll03,202,607
yameelahn,5,97
yar_webearchann,151,111
yiixtreasure,"1,854",246
yinyin_anw,639.1K,32
yiyangkkxi,165,610
youaremysunday,32,189
yourbleux,334,83
yuna_th,"5,758",87
yyoearth19,"1,509",242
05bz_,188,7
2021activeboy,"5,854",614
9speakthai,"5,963",144
___sssspy,"5,901",69
_kk1997,"1,150",51
acwaam,"1,784",365
arch_angels7,45,221
baebaedema,77,169
bo40028152,34,613
buychi_,119,32
callmetxnpxng,97,151
fangrpww,271,279
feverpluss,13.4K,90
focus_feen,323,59
god__rmm,"2,930",308
iamurescape,647,356
ikach4n_,31,4
imyourbo_,"1,242","1,085"
jaeminna_th,24.1K,180
jsmtjyygyjbbjb,156.6K,680
justkidx_,605,391
kamebjk,53,4
kpmildmild,156,188
lexdohyunn_2547,48,31
mayang_pantea,77,291
nmfnprn_,"3,680","1,073"
pmmabwin,"4,401",210
sabenzz,855.4K,173
shrtpynt,544,249
sss1_mm,40,290
thaikunbot,"3,956",75
tulipyj,226,146
vvvvvvv1997,166,86
withingalaxyy,323,264
wnkdnie,712,238
xxxiqm,55,334
11hikki,17,13
1stthepeem,315,357
200fifty,953,281
4n0im9afz7bl5cc,81,975
881201db,144,435
__suntanxp,"3,506",167
_babybluebutter,53,178
_dlmnw,156,420
_ilbtmtwf,133,424
_jisoonarakmak_,724,259
_ncht,137,661
_puppyjung98,97,377
_vqkc,937,485
_wonx2_,272,735
aboyinglasses,353,460
acppije6t6cg4fc,186,139
adaywithfreedom,793,318
anusornnnnn,259,260
aomaunji,581,175
aorwiki,75.6K,579
aput_tt,673,380
arcreactorb,172,797
ashotofsojyu,794,283
astrxnger,940,220
atthachai_w,312,122
awayforqqqqq,44,282
babiiii_nutta,724,127
babyjellyxy,12,43
babyxtoi,169,59
bandsalim02,"4,495",450
beaver_suthi,"1,775","4,999"
beezzxj,317,849
berlean12,32,253
bibillforskin,96,12
blancandeclare,"3,438",682
bloodyyulan,80,42
bnyyxty,54,252
boom13003,48.9K,182
bowy19,129,89
bussamawe,37,8
bxxntm,284,212
cat30308765,"1,078",437
chamoh_61,527,485
charllzine,117,247
chaxzychaeng,714,73
cherrybomsom,246,191
chnisarakunji,"1,134",440
chuek_chot,11K,575
chwejnn,238,151
dapinkshit_26,2,43
davinsonpracha,82,114
dhiruth,753,274
dimxjjp,"2,656","1,930"
dmk48_,981,155
dochaba94,441,23
dokjigg,47,"1,348"
kumpayep,99,367
kunthida_fwp,90.4K,431
kw_dodo,46,159
kwt199xr,221,260
lalchemistaken,"1,438",137
lanichita,108,469
lanie_a002,"1,976",115
leena_ston,48,389
leenpexch,373,24
lilkoneko,"1,345",213
linbeaut,9,179
lynpark__,247,"1,222"
maipensalimja,75,1
maknaevrone,300,78
malykh_jj,203,463
mameje0206,"3,111",147
maria_x96,619,171
mariaehren,92.1K,70
mashita_13,267,530
maylody_jyh06,"1,634",729
meawmio,23.6K,546
meena__yz,778,37
mewillll,265,381
mikpotryl,102,59
minxreed,8,5
mixmyl,362,171
mmenaqua,29,32
mommytaeyongie,134,258
monkeyd_sirkeng,52,120
mrg35647437,50,28
mthai,1.7M,"4,443"
mx_turtwig,43,235
my_jhls,"2,417",183
myque72513351,4,136
myshoosaki,124,82
naritsci,57,11
neartoming_,"1,119",268
neogotmyjayx,"4,766",278
netiwitc,165.2K,731
new0624,103,293
ning62224,"1,744",526
niranammuuping,53,79
niwatbook,386,140
nnoophilaa,"2,379","1,137"
nong_gho_yuy,54,450
nuiron12345,"1,469",383
nut_fanfan,168,49
o_ganta,51,153
ocean_sky85,"8,739",626
offchainon,135K,383
olein_ic,29,44
onex_cc,"8,861",400
onlycatxy,428,258
optikomuyoo_,21,38
orcainocean,52,485
pahyun1,29,74
panda_p_g7,62,160
pannika_fwp,1M,205
pare_maneechan,353,552
paritw92,121.3K,154
pastel_heartt,"1,392",158
patiyy0,54,378
pavinkyoto,346.4K,540
pbria_,40,170
peep27654,855,458
pennokteestrong,511,544
penutt__,307,566
phati0,14K,143
pichayadacna,16.2K,711
piyabutr_fwp,936.3K,263
pl_____a,690,179
ploy__ji,392,316
pnark307,522,15
pompenshipper,548,496
pppearl0612,214,33
pptnar,350,554
ppxxx11,103,229
praewstar,"2,615","2,002"
pupe48053790,0,1
quisspy,682,361
qwlimi,38,89
ramillah_sierra,"1,081",44
reviewenjoyy,"2,257",63
revolutionx125,234,189
royalist_market,265.2K,46
rukitori_,"4,884",914
s5454aom,424,"1,983"
sahaipai,953,75
santiwioles,260,298
sat_wai,999,"3,658"
shutup2557,40.1K,"5,712"
sinethemadgal,"4,888",139
sk_occ,"1,038",336
skamon_k1,157,197
sookset,"5,753",617
sp_nnpte,156,286
spicyherber,3,277
squarrium,"3,256",162
ssundaynight26,"1,001",303
stevero50759923,7,11
sula__sula,592,84
swanlakeballett,310,521
sweetloveaika,"2,049",347
symphony_221b,"3,232","1,601"
t_ktmd,453,85
taengscape,"5,734",662
taeploy_,"2,057",128
tcj7749,345,235
teeratr,671K,696
thamkaewgrant,180,168
thereportersth,206.6K,9
toe_y,47,149
tomyyouth14,116,641
toncha___,150,119
toonnannapat,"6,195",484
tortoey26,364,594
ttrx37,687,526
ttug_boa,793,"1,737"
udd_red,14K,502
vipiiun,"1,359",128
vipsstation,24.4K,82
vpk_77,290,87
wctofacebook,4,48
wearenotdust,2,36
welowooriisa,"1,131",548
whalewhale22,382,295
wirojlak,598.2K,"1,055"
wonderpuiz,23K,90
woraphon25261,4,26
xavqiiii,187,576
xmadcity,154,109
yeesib_,49,312
yingyotkansorn,"2,553",741
yyyyeyr,25,46
zenithll,"1,080",333
zokezoke55,12,155
alex_is_talking,157,203
hrt_ts,"7,001",294
izzygii,"8,225",306
southern_sslim,174,82
_1202tser_,"4,732","1,116"
_nnnowhere,158,422
amaratjeab,298.3K,428
anurak_tong,86,53
aomviiixxviii,14.1K,316
arieskumiko,148,581
benchamfp,77.3K,222
bugsomo,496,980
catzillaq,33,105
charoenpura,518.7K,440
cutedimplestaen,441,413
dowdeee,66.7K,581
drarunee_ying,60.3K,355
drowsy_sunday,"1,120",257
eakthestandard,41.4K,834
evilbenx,95,239
fahhhpd,869,126
femliberateth,24.6K,88
fthepol,516,419
gibbbbbf,84,284
horamiji,"9,308","1,503"
hwanjah,476,184
inkaewo,"5,783",247
isppoompattt,94,570
issadiaaa,582,290
ittipat_tv,71.8K,"1,845"
jaabthot,14.7K,509
jbgyeom,"2,494",2
jphuthita,18K,143
jpnotknow,70.5K,61
julielunie,975,387
kaewsasiiz,350,585
kmaf616,"3,910",721
kokarupi,"1,465",97
limblol,311,792
little_boat_sea,95,327
littlemark0299,26.5K,91
looksilp,"1,602",48
madmax68176958,13.6K,222
maggysopanat,760,114
mattmek,"7,977",636
mellowdoge,788,636
mj890089,109,"4,891"
mjj1804,"1,173",636
mobfest_th,"9,917",0
mxxntraveler,140,758
naetichao,126,191
nopp_nobody,308,341
nopputta,11,73
norasate_lawyer,13.5K,394
northxrn,123,260
ntkgun1,18,67
nuttawutiambua,122,543
opol999,47.8K,242
patpichatan,12.5K,"2,546"
phantomfandom,354,"2,140"
picazo28690559,"1,950","2,000"
pjwlpj,188,400
prasitchai_k,303.1K,385
pravitr,82.4K,"1,391"
quote_wiwata,155.8K,4
r_artisty,"2,954","1,574"
rabbit_junjun,"1,243",127
s_percyan,26,171
santipongc,96,525
sassykatts1,762,65
sayompoo_eric,46.4K,"1,230"
skybyme1,101,268
snsdchartsbr,35.1K,448
spectrum_thai,"7,876",27
ssrdscxxjwjf6un,45,132
tae_sirilak,640,147
tanwarins_mfp,46.3K,514
taopiphop,121.6K,349
tha_ilaw,10.8K,129
thaipressco,"6,810",150
themindmints,"6,078","1,230"
theratsadon,46.5K,0
tlhr2014,181.6K,292
voicetvofficial,1.2M,90
volunteermedth,31.7K,70
weareloso,46,600
weeranan,107.5K,"1,887"
wongkaew_4,"8,745",373
wongthanong,1.9M,260
wpabuprapap,30.1K,373
yerenapkth,35,71
yingcheep,107.1K,577
yoowithmi,671,95
zhentingliu,41.6K,"1,310"
znowmeaw,21,77
akayi_may,448,612
akonstudy,"3,393",179
aorsarun,887,112
apisit_dujda,"1,277",703
armreport_,"2,358",211
bankivxcii,491,469
benjarrrrr,23.9K,713
celllurose,9,112
chrislu98744146,165,110
daodin_commoner,70K,419
erich_parpart,"7,011","1,550"
ewthailand,"8,593",37
fookingecho,"7,986",39
harnsanti,"2,626","1,691"
huakuymak,15,397
iceing100,44,153
jcharoensiri,"7,508",254
jin_somroutai,417.5K,"1,190"
jipatabook,"2,054","2,783"
joechonlawit,10.5K,320
jonnybones,2.5M,10
kaopan_abv,371,137
ke4ep,47,264
krongkaokang,"4,239",6
maywongcna,203.5K,"3,517"
mevnus,15.8K,"3,476"
milkshake_8910,238,342
milkteath_mtat,25.2K,479
mindpatsrvl,90.2K,67
mobathome,"2,251",154
mobmeeteenon,20K,0
monoln,307,394
moowiwan,11.3K,306
prarttana_pptv,"2,954",230
radzzbear,136,73
rosezpdd,222,144
student_birsa,146,5
sunaibkk,83K,204
ta_nhocnaw,"1,884",290
tak_kantapon,148,15
taketime7878,"9,149",280
thai_talk,37.5K,934
thaipbs,3M,206
thaipbsnews,274.9K,280
thalufah,50.3K,106
themomentumco,190.5K,7
title1427,257,160
totopiyarat,"6,192",285
way_magazine,28.1K,8
weeeedpung,23.8K,914
xchickeno,4,133
0_mmxx_0,185,342
39minutes_,"1,627",448
88nkw,51.6K,15
_moobmib,97,348
aardotatop,889,298
aernd66,"4,118",408
alpakaahza,43,203
alynayed,"5,650",821
arnonnampa,252.3K,128
artypj,"4,077","4,998"
awwwfluffy,79.2K,612
ay_sps,2,1
b12shiide,7,606
b1f3rn,125.9K,451
b_praewnapa,37,64
baejennism,20K,347
bearbeomgyu_th,16.2K,141
bearwithgloves,295,200
berotixz,174,254
bhlabhlabl,355,128
bluesherbet_,98.1K,283
bt_br_twt,438,690
bts_thailand,389.2K,50
buffalow19,0,8
c0vb9u,1,4
chaaaaaew,121,74
chaturon,374.6K,307
chinki_sanji,"2,045",241
dandelym,10.3K,110
demoottt,"1,704",28
donotxme,68,691
double_2tt,798,88
eneryoq,358,488
firstistss,363,376
forhrk08,23.1K,10
fringblink,"1,299",18
giyourdad,"2,233",397
gnlzzp,4,116
headachestencil,23.8K,334
hengsuaycountry,42.9K,172
holedream,"6,874","1,121"
hotmailneverdie,"7,831",617
iampottery44,12,26
icyremy,34.1K,"1,249"
idiary3,56,260
incognito_me,"5,529",365
ioi_thailand,17.7K,183
iwhale,146.6K,20.2K
janjirasin1984,"3,476",500
jbuchananbkk,24.1K,"1,413"
tukorawan,"8,611",253
tutv_prtu,"2,959",86
untitledx6,167,874
vilahatcatland,363,572
vocabbyhrk,70.8K,9
wannasingh,274.4K,276
wasanaww,104.8K,234
wenderll_,"2,327",584
wendywarmheart_,"4,026",383
wingdixxxx,57,28
withpepe_,14.7K,78
withsnsd_th,21.1K,72
wnh1qrimdisktfw,"7,969",257
wnoyshahs,384,249
woman_corner,85,509
wontehak98,298,"1,178"
xiuminstage90,"1,878",301
xtwonat,713,"1,635"
xviii_ixo,98,416
youpiece_ofshit,48,16
zritoed,108.8K,149
2richcocoa,59,151
4aptb6kdexuyyko,20,30
666flkn,1,3
94exosehunfans,13.5K,4
96pimm_,77,54
____mmnn1,449,107
_dekniti_,21.1K,2
aboutpomm,111,114
akid_genz,15,109
alpha_engi,99,527
antoinett_1971,"1,688",328
aorrrd,295,273
badstudent_,216.1K,0
bangkokdk,9,107
bbellbeauty,"2,356",700
belloworldd,"3,281",813
biillkiinnnaha,1,156
bmfrk,299,414
bobby54782003,31,63
bodin_democracy,"4,772",0
cani88500171,137,6
cha_nkbz,0,69
changmin_botth,"1,588",388
chiciceeeeeeeee,14,168
chitphumisak,907,151
chompooktrg,171,207
dim85803518,0,103
dssbp19,162,0
duckflow1,48,320
edoknaruk009,560,7
eh_ovonct_,143,247
em67234,575,69
formyloverkai,"1,542",3
forpeaceforall1,4,87
freedom_sohot,55,15
fridayokaeri,32.7K,940
friendjkm,7,21
frogvk,15.9K,72
gimmeonepls,54,127
haneull996,148,348
iamjungwoosdog,"2,915","1,394"
ib319421,188,211
ideatrashz,8,162
idekpred,973,30
idhfxx,120,64
igot7khongkwan,272,306
iiol3ankoii,10,43
ijune4s,145.1K,302
iluvprdmsu,507,465
jatupt,64K,268
jc_kaem,686,"1,096"
jemappelle2401,36,44
jgol_23,379,519
jimn95z,986,880
jjjungwwwoo,160,244
jkaimim,"1,183",621
jubjanghansa,"2,729",317
kb6__37,342,98
kkrataiich,277,374
knan96,"3,479",159
kukkaikittinan1,24,262
lawlongbeach,"1,420",26
littledog0_0,18,109
lookkatechonth1,12.9K,267
love_sojunghwan,469,44
lovekasuma,16.6K,731
lw_xith,493,417
man_jakkapun,397,154
maybeuinmaheart,140,192
mehatehiccup,77,"1,626"
mietamonstory,"2,735",485
mike_rayong,121.1K,51
minijmn130,923,354
misterhe_4,72,185
mm_mmnb,506,"2,837"
monipuff,70,329
monzterrtnp,11,23
moonbackk,"6,656",214
nareeratt_b,38.7K,196
nisitchulaparty,"9,315",10
nnkvjr,963,368
nns2202,215,390
noon_sirikant,20,56
npk3012,"2,219",129
nuea_lll,12,41
nuttha_mfp,28.2K,424
obandcat48,321,"2,083"
ohohohohohohoa,514,337
ohsebee94,"1,056",439
oo57012830,21,160
p_pp253937,53,158
palindr92557768,5,72
panusayas,209.8K,220
parnerii,126,115
phnuu,85,91
pichailive,35K,412
pimsopin,7,150
pkonearth,69,294
pns_cbr,17,135
potaricc,173,419
prachpan,"2,505",163
prayuay_huakut,28,77
primmxforsale,34.7K,0
pt96756376,15,12
puyopuy4711,192,262
raiyounggarden,124.9K,87
ratsinapata,3,47
realmnmoon,116,"1,016"
romanof_7,50,238
silentsigh5,15,61
singhapazone,4,25
sirifn_ks,524,945
smoothiesberrys,169,362
snnnnnnnnn_thx,18.7K,122
sorkorlao,84.6K,830
soulmate95z1,"3,266",121
su4645444,"2,687","1,274"
sunbeamnthesea,25,0
sunflowercharts,62.4K,47
takithailand,"2,690",47
tanpowi,5,383
teambpstream_th,13.2K,491
thai_france,67,11
thepsinee,6,205
thitimon_1243,550,11
tiktoktiktok000,501,551
tmdy_twt,532,143
tonysuchirot,24,34
trinh0098,391,212
tutaa_tp,73,276
veoletta19991,5,117
vijayad46390530,221,37
wang_koy,30,81
wangxiao_9791,30.6K,33
weiwei452,228,"1,027"
werazh,58,100
xlxixnxx,14,73
yetmaekondee,454,"3,672"
younghotyelowth,"6,529",76
yudxoxo,5,32
zenzer_kh,115,225
zuzxix14,8,227
10_3studio,43,89
1stxb,10.2K,145
4smr7iljulzcai0,9,0
502ik,151,643
6gotodabin,"6,557",265
95moonpark,657,208
__pavii__,10.9K,303
_kaikrob,"4,365",203
_meowniel,87,175
ahc3bpbp2g2ev45,13,31
akoserb,15,189
aof_krit,719,255
aormortor,46.6K,38
apollo_0912,471,170
armdm2,"2,592","1,760"
arther134340,78,133
ati_pptv,"3,995",263
aukakumaila,1,23
bbhsyjosh,"8,798",194
beargi210,12,24
beingjustbeing,"1,899",273
bhbelll,834,766
bigpigletsrp,5,315
boyzeedmaker,896,839
breadsocialist,"5,140",500
brown_sucre,"8,717","2,839"
cephalopodophil,"3,937",949
chaleonis,279,"1,565"
chermonunivers_,906,147
choxwarz,"2,398",125
clclxcl,6,418
cocolu_days,"4,944",600
communistko,186,633
deadsommer,40,449
deepbluesea_x,301,30
donutpanuwat,101,626
dreamiepc,180,222
fah822,624,662
fortune53m,124,268
garalandth,596,921
ggwp_love,27,0
girikung,17.1K,414
gomalaky,"1,017",117
gqwagon,255,498
hasukaraya,151,85
honnn2111,40,274
i_amgodmysele,"1,248",684
iamcomingforfos,54,65
iamsasdha,108.6K,611
ikmubmiik13,116,37
inkvilian,567,417
james_talatron,"1,839",77
jimyaimakkk,42,30
jo1000du,8,159
jqxuarymark,70,657
jrwytw1,8,166
kaiiiidetisut,641,447
kathnong,25.3K,589
khingkhing15,"9,367",562
kitauai,22,26
kscps1,"1,336",213
ladycbchmurphy,76,197
ladyevangelinex,75,554
leartsin,2,45
lopmuj_ee,123,282
lostdemocracyy,16,10
loveseo_9,"4,908",462
luckydubu,674,214
lukkultee,94,98
luxyemxx_2,85,12
m4yxbling,646,280
mai_marsha,304,73
malagorrr,156,128
marcthanawat,"2,909",480
maymeeta,448,87
mechiimeben,"4,752",735
milkkkkkkkkk5,3,101
milkmilky1,91,"1,900"
millipnd,32,130
minkiiz_madrid,609,495
mmaiic,"2,577",69
mnampn,639,937
mob28rider,286,585
momotatar,"2,460",676
moommooon,107,254
mrw3kim,604,231
mshirowatnbpcei,335,103
muenue,168.1K,"1,841"
myminitravels,16,235
mynongtakumi,72,146
namcha1515,14,77
nanampeung,84,395
newman1190,"6,302","5,424"
nineshot68,846,5
nnxiaojie,11,66
nolikebananazz,10.1K,981
nomzrim,38,703
non_kiwikijai,44,399
nonamenooku,60,477
notonlybutalsom,"2,792",564
nt_aywn,41,16
nznz122,60,329
ogmemories_ap,236,37
omgthisisnotme,55,30
onyourpii,234,297
pakksung,296,118
panama_1703,"1,085",101
pchcaep,"1,671","2,488"
peepzii,41.7K,697
ph0enixsk,21.5K,542
phavittcee,10,378
prettyasshhhh_,18,400
prhth,"1,348",513
ronnaroj1992,564,37
rosie_spokedark,70.2K,653
rriiittccchhyyy,312,212
rtima1123,14.8K,"1,161"
rutchakit,47,912
same_olddd,202,385
saturn139,926,"2,749"
sequedx,"2,149",804
sittipon_20,436,"3,441"
slimy_power,293,783
stampper2,250,278
starryplace1001,"1,046",233
starryrainboww,324,469
stefanie_tp,67,243
swagpeach,204,201
swkim51588205,74,540
sxrv_x,792,551
tanotchin,402,619
taweesakkerdpo1,510,281
tctuksta,185,"1,218"
textbox254,"4,903",304
thanapatrungki1,48,141
thapanee3miti,1M,935
the3finger,190,6
thepumpui,"1,523",220
tinyj4ka,"2,842",90
toeii01,"5,382","2,021"
tonstweetings,63.3K,589
tornorx,866,62
traumaltgirl,92,222
twkoharu8910,148,324
undersky_a,297,109
usnkq,408,101
weendjoy,299,145
welovepyj,167,258
wtednl,619,557
wxwthinz,50,535
xxcxzto,51,63
yeartoyy,641,252
yoyoyoyoow,74,303
zettwozero,57,967
zornitsaxx,80.3K,56
_icemev_,299,322
annabeeannabell,154,120
aram_charming,306,110
armteerapol,"4,787","2,256"
ayamemay,"6,008",513
bbig512,282,463
beautywang852g7,207,257
beenobeeta,507,"1,106"
bloodsiam,21,163
bshixob,381,334
btuesdaemn,"2,347",600
bumikindy_,684,202
oammyc,23,128
ollq_pllo,"6,542",380
painworry,69,516
pakapong_report,279.8K,"1,538"
pat_thaipbs,64.8K,491
payoonmaidaika,40,155
pbjandbi321,523,939
phnsny,170,272
pine_js852,225,452
pkk_fan,"1,286",107
pksoftly,60,207
pprsrxch_,348,129
pptvhd36,221.4K,240
pui_bethelight,152,"1,461"
puredemocracyth,75,216
rajprasong_news,13.1K,772
realpcykp,471,"1,075"
reply1206,281,"1,474"
rinjydo,82,239
robertcamivon,224,672
sivaarty,334,490
sunbwq_,36,366
sxxttnn,760,675
tangmotwit,449,356
thairath_news,4M,474
thanchys,13.7K,910
theemptyyroom,18,324
theoloy1112,32,193
tonomiaau,60,23
truthonwall,284,2
umeshbkk,959,377
vjen0axfggtxzls,18,23
volleyship,789,64
waenmodyim,46,85
whatupth,"7,616",479
wipa_thaipbs,"5,148",698
wr_sank,810,195
xiaozaoput,"1,836",477
yingwaah,23,20
_mblackbaccara,847,913
_mesus,14,33
about_realframe,"1,233",150
adirunas,20,245
babyoyster_,154,156
balllisa0327,958,82
bamboo25505976,77,4
bangkokgag,"6,566",0
beepranom,"2,642","1,489"
broglieo,419,"1,006"
cancanisstory,"1,050",297
chotipa_lk,74,160
daoferrell,22.4K,801
dayofyoun,"4,093",535
dsfk1rbx0zwcch2,459,21
elvis_qlp,"1,703",174
evienhkworld,"4,152",682
freenotfake,198,497
futan2000,10,47
ggooddafy,44,192
ifeelsopeach,40.5K,236
iihavenocomment,156,278
jjjingbell,325,503
jk97lluv,47,175
kanokratyin,"8,143",565
kathafavxiw,130,765
kcoc9c9cifj,91,434
kong_glang,275,0
krutewly,"9,281",541
littlebaby_lll,8,116
lukass23145597,22,152
minds_0,"2,010",374
missbeetagenz,10,14
mmmctyl_,195,609
moui,45.4K,"1,801"
navy_1976,75,62
nene25062540,"1,486",372
nomatter142,150,322
noname01586330,7,3
notforgetnew,"1,004",82
oceanofblue_,144,171
ohwatsana,11.5K,"1,518"
ong_1803,25,126
opal_meliimelda,200,849
pannita_chom,76,138
parachic_chic8,455,160
parkwjt,75,346
peem211,107,285
peipeisuperco0l,2,3
piepalin,178,87
pnsntk,"2,709","1,976"
ptt_pdch,990,"3,800"
ririxiw_x,473,393
rocketiraccoon,1,6
ryn_writes,20.9K,"1,789"
sensualpolitic1,60,181
shubby9394,542,947
sidaaasosad,5,35
sukie639,33,201
t1e5pptw6ldlhtg,11,28
tabbie_naaaka,120,0
theactive_net,"6,290",155
thepotentialth,14.3K,160
vp_fay,13,20
wrmaii,858,386
yangce_,52,"1,121"
yoteen3,381,13
zonaight,10,64
zoomsmile,52,138
1006th,0,1
5edjcopm0jyfay8,298,391
8td,"8,600","2,710"
90_society,"1,477",564
_moddaeng_,17,86
_tidti_,229,64
arainadhoy,17,199
artthanakorn11,"1,440","1,288"
awayyy13,0,0
b2nn4,8,718
baby_mochi0113,"1,312","1,106"
beballs65,14K,320
benzjkf,133,180
biribiriboru789,244,"1,016"
bo_inwza007,579,975
bonusbutterfly,115,98
boonchot456,12.7K,"1,222"
bosstrp40,18,3
buberrie_cakes,6,42
bunpaireii,92,256
buttiepeanuts,94,162
cdmommade,"3,171",594
chadaporn_sila,132,484
champwin98,38,609
cm_kittipong,190,149
crcf_thailand,"3,010",265
czrjaiy9myq50kx,20,193
dalrace1,19,85
dhdielsnxkal,25,25
domocracyforall,67,304
dr_dumnern,"4,635",21
dtanity,69,186
edekpert_model,11,121
fernn_baiifernn,37,124
fierz9,54,58
freemanlaw2,37,168
gn0000_oogundam,130,28
gnom1408,988,205
gns_721,72,235
goblin00475,756,227
griptokpokkie,33,193
guwalangai,38,50
ignored83316621,7,151
il_love_li,"8,883",530
ilikekhaotung,1,124
itshe8,200,"1,480"
jesusthehighty,7,159
jphond,167,261
jschungmyuang1,20,223
jsfx891hi1t2q,"1,191",383
k26455077,275,603
kaizes136,37,771
kanxxkx,473,202
karatao7,19,197
kayreporter,"1,243","1,462"
khomkheaw_t,"1,022",999
kiichoki,149,258
kinmama_fed,1,16
kithcatt,38,568
kornwalker,50,36
kramaii,6,219
ktumeric,810,630
launglue,71,537
leaderdemocracy,"3,966",177
letitbebkk,115,"1,568"
lillyyknowot8,211,835
littlegrangers,45,721
loksuayjung,7,303
lonelyboykub,2,31
lovuall_,314,175
m0nthjiukcx8uyi,2,13
markmakk1412,25,61
marscitizen3,13,13
massmob2020,10.5K,893
minthot1,220,142
mixdukdoi,41.5K,608
mmymirakate,352,174
mutanttoi,83,72
my_tty,5,3
mynamecasnis,318,913
nearmell_1989,40K,360
nightroselin,2,42
nnnantapattt,3,67
nooampdek_d,52,204
npt_sz,0,1
nuwhanmat,73,50
oatsokyo,942,333
oldbutyoungja,44,77
optiplex653,22,491
outclasslife,814,32
ovaltinez,953,449
panwalee9,35,226
pariattum,11,60
pattana00529086,131,274
peacepsycho14,"3,885",500
peanutfckn,430,826
phiwant,473,807
piggykiku,73,970
pliwan2,5,83
popzgazza,16,304
pornpi_del,743,926
pp153133,51,60
pppp14559802,1,1
prototypealphax,106,153
pupa_yy,239,302
racephon,"7,411",540
radionewsprd,"2,013",101
raknaseunnie,4,87
rakthai477,12.3K,"1,783"
realkpoplover,4,117
redguard1966,"2,236",915
rham_homework,21,1
rider_sentai48g,921,"4,576"
ronya20646767,448,343
rosey_riot,20,298
rsjnzkm,62,107
sasjatum,"1,323",444
senmiller,90,310
serene332,27,251
shabumylife,24,938
shisa11520310,49,363
sindorilla,20,15
slbeau_,107,98
springnews_th,1.7M,617
supperarmy,132,"2,620"
teewanwalee,"9,540",145
tfookzaa,46,101
th_democracy_,21,96
thdemocratchild,17,21
thefeaturesth,331,15
theoverview_,218,157
thepurpletweet,25,379
thisisameaw,126,543
thoranin,"1,502","1,378"
threelegschair,34,49
tnamswewgmzwahn,0,1
too_nhadan,153,649
topaz_hydrangea,641,401
truedemocracy14,"2,845",520
ttleefam,692,260
v67588397,0,36
vibsklos,19,214
w_weard,72,343
wachananut_,47,273
wangwangj,119,"1,941"
wanpungneetd,717,341
wanwia1999,320,55
watanabejunkyu6,2,84
wayvland_th,14.2K,102
whatthafuq_,23,89
willyou_marieme,"2,276",739
windymerino,155,122
wininbright,10,302
winwinventure,80,806
wszestful,"1,065",0
xaviermarian2,128,35
xhkkj_dnnx,5,126
xt0mytdgty77hj4,2,24
yasaimase,139,"1,704"
yowaa5,286,219
zinzin_zz,12,337
zlichwow,12,20
zodiac_zd,203,396
049bbb,24,128
11jayx,138,382
134340astro,76,16
19940412x,7,55
1996_h1109,96,378
666__zero,79,663
6ilsy9wfmgmuzvg,3,28
_pemikaaa,100,50
_pimuu,"6,878","1,179"
_suntana,112,591
adorebright,"7,974",213
ammiiiiiwalker,11,46
argentumnm,"2,487",472
arjinjonathan,"1,202",731
astronop,251,"1,303"
athena31102,517,"2,602"
atthapo34790475,9,"1,006"
aura_forestsee,526,"4,773"
azuliatonn,91,175
babomoji,"1,563",530
baddlrector,"1,869",186
badsometimeg00d,13,418
bbmemori,911,304
beerpeople99,"5,555",381
beyoulikeu,681,439
bfloortheatre,581,363
bokuwa_kumaa,39.6K,445
bordinbodibua,30,148
cardme21,479,90
chachabrew_,225,793
chamnanj,"2,281",429
chavisjiam,141,88
chom1827,646,447
chomfahhh_,16,189
citizenuncle,72,"1,398"
commonners,"4,250",188
croptopnewsth,"3,530",23
cutie_cutie007,485,179
cutsmany,288,309
discccn,12.4K,"1,389"
dramacmu,3,0
erdyillustrate,"2,425","1,045"
freeartsth,"5,779",8
fueianna,"7,179",877
golfgol19506357,233,"4,897"
gppggw,229,583
gramgrrr,101,47
hinaxxxko,986,"1,196"
hm0s7i4mxmbybez,207,663
ice_shirayuki0,255,"1,166"
ilawclub,205.4K,290
imsson16,47,335
iprefer_kay,46,110
iwantgotothemar,131,155
janrayab,"2,577","2,594"
jarkktwt,"2,338",0
juddkanongdech,1,36
kahonoii,"4,153","1,003"
syrupai,"3,868",926
taipeiconnect,"5,363",0
taitosmith,"7,744",17
tamtidchi,378,465
tan_baek,148,289
tarn59162826,216,252
tbuapun,1,10
tyler96995626,23,136
unsleeping94_,508,35
viphappening,76.3K,304
vorsaid,109,641
wanpen_pajai,493,334
wave_naka,585,882
wryq7wkcc7ycbmw,1,4
29nwgun,258,407
6turattun,175,729
_myhcklbrrynmfa,795,346
aewinggggggg,20,11
algorithmdestin,"2,022",764
aomzbah,153,688
bambambarx2,191,"1,186"
bamxjeffy,83,"1,586"
barabrings,"2,334",160
bbmmpjh,158,815
catabc1234,38,375
chaithawat_mfp,18.5K,536
cheonmai,"3,005",570
daopaco1,115,605
drgroupth,16.6K,268
earth_mfp,15.3K,245
earthskyp,"2,177",77
emmargana,112,88
epmarknewman,113,39
error101ja,33,196
fifthfortechi,385,578
gunsnciga,68,"1,327"
gutae_bsm2,719,995
highschoolturtl,496,420
isotopeoftomato,72,0
jamess_vogel,188,193
jaroenkwan,"5,110",109
jdidjnxj_555,309,486
jeannypandaa,71,310
jm_yhh,209,92
johnnewworld1,640,19
kannn87,54,56
kesonech,204,74
khongbengofkala,10,6
kiamudomonly,7,5
kodeykodey,33.2K,102
kpcyx,"2,788",571
lginlove,"6,268",864
lidlidlidlit,96,251
luvluvhks,"3,698",482
maeo555,114,838
maxyjw98,403,479
mefromthemoon7,278,162
minichoux_,762,375
monerax21,53,229
morningnewstv3,2.5M,20
moryorwor,"1,363",552
mtysard,971,399
myqueerqueen,77,393
nmlsaengxrun,84,59
nonpayakphan,"7,492",971
nuchnonnan,90,58
olsccchz,172,811
ong_biscuit,"2,010",494
ot5heart,310,932
ovp97cweddttg3n,21,12
owner_duck,"1,285","2,277"
p_ob_we,"1,124",944
pajesd9,345,63
palalernn,384,295
pckl_jw1008,"1,180","2,039"
petchsira,165,187
piyachonchong,9,23
pswiftza,272,365
ptsobsession,"7,099",40
rathshiki,158,273
rawd0gneoy,987,142
rpkxb2_,994,439
samornsrikim,59,211
sawasdee_bigben,24,210
sherbet004,325,360
shirukusm,4,327
skxpusheeeeen,170,434
spnf8461,49,247
st6055500986,16,13
t612_tyt,743,252
tangentz_,21,33
thainewspix,"1,660",722
the101_world,31.5K,0
tidtid10,41,201
trwsamsame,34,89
ttt_sss_when,11,57
tvexq_17ph,538,"1,207"
ufuefuige3cexax,3,0
usa19241924,4,8
w8_tilfriday,166,242
wareei,"2,517",728
warumsollichka,"1,057","1,566"
win9_1,5,38
workpointtoday,256K,15
xolsafie,386,"2,173"
zaapsud,67,301
0330ppm,"1,126","4,202"
199s_,43.3K,242
199xgg,2,50
220ee7b3,167,662
23forluv,456,89
27thsimonsays,7,53
7ck66tvzvzgbvx2,33,22
_00405,52,317
__o329m,"1,759",371
_empttysoul_,"3,169",360
_mylittlemmk,188,159
_threezeronine,"2,640",289
_y_t_t_a_p_,906,124
_zpectre,269,659
ac6n7fcgw8scy3g,8,9
alienaq_,"2,581","1,056"
angunht,641,346
anpktp,51,51
aquaventus2002,105,"1,362"
asdfghj16087328,2,9
aungluk,6,23
ay_narij,"1,219",220
b_b1b2b3,18.6K,"1,516"
baby_youths,"1,454",714
babyhasaim,"5,484",669
balabingbalaba,18,12
bamboo123zx,176,541
bbbpry,"6,676",292
bbye23451,213,98
bemy10velyjay,14.7K,"1,762"
bitchyfrommars,"1,294",491
blessedanding,63,180
bubblepinkw,11.9K,389
calebquinley,"4,463",797
call119now,26.9K,98
catisuniverse,48,232
chaniesty,"1,266",94
chitangmayz,772,386
chwesunboy,140,360
dancin_fk,68,50
devilpink6,43,268
dinochuuu,"2,115",195
dizzy_mai,53,184
djpgtz0ctyt3sc5,14,111
doreamononlyone,88,127
drkwahahaha,93,175
eartheiei16,44,34
eldehell,18,134
fallinloveyouuu,116,80
fch3640,"2,099",503
felix_vvip8,10,44
freecss_s,"5,078",116
gger15,132,55
gggminniexx,"2,248",57
glao_nini,656,338
grumpynicha,"3,532",151
gumalaewjra,10,0
hahahaharyy,65,513
hiamjkd,122,528
hongpornpen,93,190
hunhanieeeeee,77,627
icewithhh1,82,320
iemonsundae,843,288
imjqq14,75,142
imjustsleepycat,510,383
immatinyanimal,44,141
insachoo,58,173
ioihere00,21,384
irene_15212,175,325
itsmineb,150,116
jaehaaaaa97,391,259
jamille0069,14,17
jamojaeme,52,601
janenana_,16.6K,249
jb23101,235,13
jennerqz,547,101
jetz57529892,233,91
jihcaa,59,119
jijikimjiji,107,699
jirapiis,101,137
jkjacksonn,"5,091",199
jumreabsure,23,72
kade91422861,24,58
kakao_my,160,639
kaotopii,59,298
kchartsofficial,210.3K,145
khiangmu,39,78
kimowenn,179,241
lalada_w,25,63
lanlalit__,144,28
leonysus__,497,276
leopolitic,"1,288",23
littlepsui,299,968
lollitopcon,356,256
lonewolf23t,48,324
madariesx,"4,835",392
madpinkie,"1,024",486
majime_34,367,326
mamaya_p,402,294
massagerdws,200,380
maxjenmana,131.1K,90
medhehweeee,88,177
meinthegoodmood,320,298
meiyinly,"9,779",166
melodychan48,458,87
mheeloylom,"6,967",86
mindlmind,58,115
minigoesround,317,508
minnalinjeon,292,864
miracleisyours,4,0
missp_mystaery,42.5K,160
mmyworlddddd,412,213
muaysaery,20,254
my01febru,61,397
nanablack2446,12,155
nasiiiiu,16,90
nattynicethy9,189,426
nenemyluv,5,38
nnfca,98,380
nnnnut,494.8K,254
noeymelted,666,343
noro1noro1,71,307
nutzuiiii,139,364
onyourp__aan,"2,108",265
opiniondrivr,79,90
orangejam_27,176,416
p2f6wnqgwl4a2te,60,5
padkaprao_,814,248
padthpt,"6,775",289
palmmonza,"7,107","2,376"
peachsy_,"3,264",239
pigauudpp,97,536
pinsaa_,49,171
ploypinnyy,22,136
ponlapatz,610,773
ponstreat11,554,738
porpyx01,"2,955",84
porrist1,44,8
ppp_ponny,559,710
pprwrat,7,12
pum_sutthipong,40,418
rainyjsuh,37,777
rapha_is_shine,"5,297",87
rdote4,143,70
rmut_2563,657,1
ruru4648,230,585
sanshisanx,9,3
septkntk,164,172
sgsupatt,262.7K,116
shotarx_,284,348
shouldchavatvit,"1,396",808
shxbbm,717,113
sky28418742,14,17
solliyaa_,"2,807",206
somsyee,9,36
sringozosolo,61,"1,378"
srpaekz,449,"2,033"
ssnx01,115,326
stamp_jassada,58,232
stayslaves,345,172
sunshine__lili,109,284
tada_archawong,"1,405",110
tanxlive,45.3K,150
teexpapers,"5,562",285
teumeto_,285,922
thaipbsworld,53.2K,304
theblackspinel,32,308
thekeyxroom,"1,352",144
tobetooblue,475,80
tsmefrv,47,30
twinkle_1412,176,502
up2gu,41.3K,673
vieeewss1,47,84
vvissvve89,861,219
wingwarr,311,120
x1panaeng,"2,783",370
xkeylimepie,"3,523",72
xneuax1,61,75
xxnini131,248,424
yhyrpk,155,844
yin_cny,119,404
yongyeah,"2,340",367
yumeki_3333,403,364
yyingbigarm,123,617
zartre,477,177
zhawwiiy,100,443
96linenj,"1,364",14
bubucuteness01,"1,070","1,229"
bus_ketball,740,793
chanatiptati,15.8K,837
heagow,"7,642",482
homeworkonly1,10,0
iamisus,106,364
icolligere,513,"1,110"
jjuneeyyaa,"6,231",777
kate_cbkh,938,387
kitti3miti,1.9M,944
kongchanut,"7,167",303
kuuga_freedom,"5,070",473
maiyedsalim,105,121
mar_miya01,18,51
mcke3z,18.9K,194
nanuttha_,34,575
nutty17177435,31,66
rebounderx,"4,434",71
sawatree3,"8,888",248
seeme55555,229.3K,514
teirrabyte,"6,247",634
the1997nr,"9,785",90
tirakkaaa_,29,36
93kkop,105,215
_intheice_,"1,697",140
absolutejb,27.9K,400
accguka,167,83
acckailovepalim,13,31
adelleleala,13,108
adrwydav5lt8lz2,239,209
aegnpks,"3,364",508
allilnnty,23,261
amarintvhd,478.4K,67
angthongtickets,49,63
aohaohaoh112,19,36
b3em0o,190,331
bababeii,54,348
badkru,218,72
baejackie3,11,0
bbira5,23,174
patshaya_m,15.3K,955
peppillon,263,411
pingvachir,69.1K,501
pk_deephwi1029,190,484
pnnpps24,7,35
poeticalization,34.7K,"1,344"
posttoday,293.4K,84
pp99858278,96,249
ppptity,"2,821",254
prachatai_en,57.3K,28
prachatippratai,6,171
processic,43.7K,270
qintenlee10,"9,157","1,389"
rchuest,36,307
rdnews_online,121K,49
reallllchln,10,158
rotibbk,12,48
rwttr,108,438
sairungreview,146,313
seebearofficia2,24,53
seobababi,665,625
seoul_cafe,291.3K,174
sirinatemuw,14,111
siwapopz,"1,350",993
soulmate2h,"5,706",170
stillcassyth_jj,181,889
suchada62739327,414,7
sugarmaker23,"4,866",616
tanatpong_news,38.1K,796
thechae_,21.2K,198
thenickplus,680,757
theoleang,49,195
thisisppang,53,670
timeformurder,161,166
tnxthh,36,373
tracingtheworld,"1,191",152
tttswift_13,129,371
tus081,3,0
txkmcn,"1,037",72
tzcdsgpu89qb8tw,27,181
underexo9,"1,359",304
unlimit28,58K,167
virotali,25.8K,256
vk3536bt,21,647
wangjinlan21,111,279
watineecu,442,582
welcometolada,567,58
whatwatch2020,30,17
wtfisj,86,91
ww_1940,38,172
wwpatka,6,175
xxzanielxx,39,261
yellow0w,24.4K,181
yoong_coffee,19.3K,849
youandnoneelse,"2,297",89
yougottagoth,15.7K,841
yournosyfriend,237,254
yukijin_,16,69
zdolphinlele,141,522
beer12312312121,"9,373","1,349"
bombae8,14.6K,"1,709"
brighttodayth,81.1K,100
chailairayray,98,603
chitedsirisak,"2,145",700
citizenthaipbs,98.4K,486
comrade_db,738,343
duchessofweimar,6,32
foto_soup,743,449
freegender_th,"4,367",18
glabarm,957,"4,929"
icezycoolssfc,555,385
im2nannie,242,"1,282"
kataiircn,33,87
khaninnuankham,9,139
kimmhan2,2,158
kxxhxxhkkk,771,239
lovedarkchoc2,112,40
mameejung,111,"2,674"
me_teera,"1,011",313
mimiminminx,125,173
mrbogohmx2,"5,394",692
narakfrenchie,261,120
nararofficial,"1,205",299
njshowkuy,"1,878",352
nuntanews,46,314
patrickhuangth,570,"2,933"
pensoook,2,8
pia_pnsr,5,89
piggyparaw,86,225
psmora3,207,246
sirslotht,197,243
thaipasa,"2,010",974
thatoneciao,"2,255","1,009"
tiny91188,388,348
tnamcot,378K,909
velvetronica,"6,591",376
youngprideclub,958,31
1505_g,77,"1,669"
__h_hih,631,338
afnan_pptv,"2,130",367
babaramilkshake,85,44
bact,153.6K,"5,574"
benarnewsthai,629,210
bon3kung,31,164
boterolover,29,243
bussarin_pptv,144.8K,932
ch3thailandnews,429.8K,133
ch7hdnews,56.6K,44
champchristof,178,146
chokcha65304586,103,165
chu_onlinenews,36.1K,"2,393"
citizen2600,"5,121","5,228"
csolbkk,1,55
darikulica,179,679
dianneo_,141,187
eakarattkn,16.5K,804
findingmyqueen_,1,56
hs2_qrk5_s9,355.1K,291
jarvaa,26.5K,346
jeremyfanclub,"1,642","4,571"
jrockmania222,147,35
kangtaehyun_th,22.2K,55
kanteera_s,842,444
kapookdotcom,362.7K,"4,544"
karnt,"6,729",231
kotarmysz,13,62
ktnewsonline,807.3K,719
marc75209514,"1,364","1,767"
may_chanitnun,"1,725",177
motorwars,12.7K,"4,008"
msitsethyana,79,48
news1005fm,451.7K,576
nichaphat_news,"4,174",385
nick_nared,18,818
nnanews,1.4M,256
noomairoo6,2,42
onenews31,493.1K,538
pakmud5,239,185
party5241,39,110
philippa_smile,"3,320",934
ppikupink,9,56
preenpichy,296,243
progressivethai,234.1K,69
sanook,218.3K,759
sarin902014,128,65
sinnerclare1,5,80
skwankua,29,147
spac3i30,16,104
studio2702,"8,810","1,688"
superasimo,24,55
thammas59237142,"6,640",902
thanyaratnong,431,366
thpolitical,95,873
v6kiupn,98,69
vvip_vips,268,426
witness_asia,"1,933",286
maeumi_82,115,206
eversoobin,11.4K,"5,211"
jjookklong3,53.6K,215
matichonweekly,59.5K,340
prachaya_ice,10.7K,233
suthichai,3M,"2,042"
wybthaifans,86.8K,59
2506pm,60,628
_chosobotth,"1,639",85
_nabcden,"2,070",225
aishbua4real,209,193
angkhananee,"6,497",61
asdfjkl4288,15,62
baejsyj,"1,665",997
bamisabammmmmmm,201,125
baphoboyz,"3,789",57
bearbarnie,226,885
bearbear_180120,530,121
bestrong5556,24,252
charlie_fly,604,356
chiangmainews,14.2K,61
cnnbackslash77,32,334
darling0983,749,"2,750"
domekiri,30,197
dynamiiii,25,614
f6maopg5oirhnbd,13,83
freepeopleroiet,800,56
fuckthwcoup,225,171
gkd_rh,585,447
imbacon97,"1,594",252
imnoio,6,124
info_vzla,10.2K,"8,873"
inumaki_sleep,324,90
inumakitgjjk_,249,46
ita_yuji_botth,"2,182",140
itadori_botth,"1,217",179
janejira414,213,944
janenie_n_,17,237
jkcoolkidss,"2,021",179
jr_roar,15,73
kage09tobio,"3,816",113
kaollove1,75,261
karasu_rpth,334,278
kengkij2,13.2K,348
khunjaab,11,473
kop_kongpoon,22,85
kowit_thaipbs,19.7K,352
kristsanaj,7,142
kwrnik,0,37
liiisyaoraniiil,96,"1,229"
ljjtnj,1,26
mahitospiritbot,116,28
mhtbot,982,144
momiko49206608,11,13
mookmickx2,28.8K,186
msimmo16,518,950
nalinee_ople,20.2K,648
natchapii,455,729
nationtv22,2.5M,178
nink_nr,146,668
non_stop_99,64,698
notfoundsnw,428,42
oldhackman,5,241
omsin666,421,306
oqy3cbokpedrkmn,25,52
orthurstday,0,4
panda_jjkbot,416,95
peenoyyy88,"7,950","2,086"
penseur21,"2,347","3,490"
peoplenoname6,"9,195",233
poeisian,931,912
q_raeya,9,27
qbkojidjlbd6ewh,4,31
raininginthezye,48,510
sawa3keep,"1,696",903
shiroigyokuken_,641,99
sitdhikorn,225,461
spews_hate,"1,183",118
stupidsalimedok,11,32
t10ben10,73,548
thai_i00,32,108
theopenerth,795,33
thitipruethikul,916,584
tle_0_elt,53,136
todo_aoith,721,122
twitshinmagami,24,166
viewahview1,"1,416","1,028"
volcanojogoth,625,107
watchmobth,"1,491",519
wevo58,"1,528","4,856"
wevo_5,467,105
wevothai,"8,081",45
whereslambsauce,6,18
witsarut_aof,898,409
wonderpoon,305,202
ya_tou,10,245
yeolmint,453,333
yummoyummy7938,65,406
zzgodzilla,280,144
1003melody1,340,101
10and96,"3,527",224
15935723206mm,7,10
1bsc_,19,190
6m6m1bc3mcihf4w,135,316
97btj,798,96
_aormanii_,601,215
_stargirl666,32.1K,176
_youaremyshine,11,226
aaananyas,26,31
aapypsqjxsnukvk,17,21
abwz9,39,921
agirlwhodiesoon,111,43
aisundae,24,291
aisutomoshimasu,156,"2,592"
alejandroart018,430,299
alicejay_,"6,943",346
allaboutpagentt,64,161
aminchapakia,74,76
ammoniacamomind,32,148
armykat11,418,"1,105"
arnupab9,210,58
artstong,31,112
au_rawisaya,308,537
aum_ikon7,121,428
aurum79th,13,28
b_meyou,554,440
bambam_ismyson,123,331
beibeikrubja,142,117
beleg_bow,"9,116","1,228"
bi7cxdwed4wzuui,40,14
blinksooooo,117,162
blueboylll,33,37
bmavon,113,95
boatpongpat,972,873
buk_jj,64,110
busnoohpm,722,17
champ_doubles,14,178
choalicez,"1,775",354
chtchan1771,109,20
coveriam33,62,135
csyhehasagun,32.4K,341
czmaudyimqgsbuj,200,125
daisyme697,40,139
downloadinga43,11,27
dustyingalaxy,558,749
dy_archery,933,200
dykpp,204,394
endless_time88,257,"1,102"
etae_he,146,111
ewloyy,120,150
ezpzlikeshit,5,101
f1xxxxx39,1,108
f3rst,133,442
faiz_40,441,203
fatesyfly,"1,676",376
fatman1150,30,108
femmiita,32.1K,"1,090"
filmcamerastyle,"4,746","1,715"
foo_mong,40,752
framemie_ptpp,464,477
funnyboy_lol,142,228
fuufuufabulouss,542,763
fuxkaisool,"1,545",428
gam_9394,317,"1,112"
gamesuwan,"1,488",446
giphxyz,163,520
glicosemilk,10,85
grumpy_108,143,129
gzhya4ossffdsnh,131,81
handmihandmade,"1,573","1,223"
holyholycheese,690,830
howl_sairy,45.9K,25
i_zuddd,22,140
iamxxam,2,92
ifiemlm_irsiawn,"2,077",213
iipykty,220,157
infinitymymen,11K,674
pnupetch,"7,213",324
poii_minkey,13.9K,400
politifatcat,103,0
portraitar,71,395
pp_bore,30,114
ppearb,141,408
ppjr_p,117,326
ppterophyta,253,256
princemai21,66,660
prissiiee,"2,082",131
puiiponz,"1,079",304
pukkamon123,225,133
px9710,182,592
realkulllillali,917,398
reddevil01234,65,256
retweetnctu,"1,695",196
reungchao,"3,150",111
reviewcmu,22.5K,7
richardbarrow,192.3K,200
rosianaazalea,27,55
rttnnf,629,328
rukdd,548.5K,66
sarameeujing,720,19
sasiizz,44,63
sehunnyhoney,48,261
selinnz_,134,423
senorritakawii,"1,549",172
shinciessss,18,151
smlnkpd,38,104
smoke27530190,533,"1,042"
sonatpathetique,"1,368",88
soponvitch,129,477
suchiraf,71,290
sudaratofficial,423.4K,148
sun_paisan,"4,620",479
sunbaepswx_,"3,775","2,336"
sunnity6,2,30
suqardaddyx,217,159
swagwaaa,234,117
synmemensy,41,22
taengooooooooya,160,354
tentennn1996,135,996
teukeyehae98,439,215
thanthanyares,532,164
theamwaysu,"6,882",353
thickerq,412,670
thiyoonard,153,36
timmyxu62yuzhou,212,135
ttwr1113,56,20
tythx,"1,829",309
volleyppk,349.2K,"1,579"
w_imyale1993,"2,371","1,291"
wanggernekwai,77,95
withpiyabutr,"7,472",976
withthanathorn,"1,304",196
xinai_latte,74,171
yourenus,136,"3,621"
yoyohan1993,100,411
zaidee49,68,394
zp_sofar,301,54
131xiiidss,212,509
1412kat_,"7,717",414
703_hiddenwolf,"1,190",918
_marshallene,293,404
_winterlightx,"8,232",959
adsy_lee,412,120
aftern00n___tea,27.7K,76
afterwn,14,391
aofponlawut,"3,499",991
avocadoladolado,"1,573",449
b1o15j,"2,587",337
baboyepo,88,213
baekdeerr,435,"4,023"
bambar_bh,"2,465",495
bemykmhles,"1,326",282
betelleaves,0,0
bibibibibboooo,26,233
boompalatpol,39.1K,45
brightminho,190.1K,645
brinkkty,110.5K,82
btsydarmmy,140,498
butterfly_angle,"3,607",813
chaiyamparwaan,990,198
charee_na,81,61
chu_mol,201,170
cus_focus,154.4K,66
dawudxdawud,19.3K,"1,077"
delandonmars,10.6K,217
dian_pareena,"8,290","1,122"
ere678,21.2K,241
erney007,"4,591",607
evillilpolyp,"1,854",237
fernyes,"2,065",714
ffebruaryboys,834,121
ffmmcudl,151,207
ffranceee,10.3K,944
fkyz_,84.2K,467
fonsiriwanpt,"1,279",466
fonzii861003,"1,551",304
formyrealllllll,"2,497",520
g1677851,70.1K,212
givemuseums,42.6K,283
gm_private_,214,693
good_day_m8,10.3K,300
griffinth,15.5K,267
gujosak,14.7K,89
gunkankul,10K,168
hamony65913323,113,116
hbker07,142.1K,419
hdavantgarde,183,223
heybugss,74,186
hikari_642,10.2K,184
hiruna454,70.9K,"1,237"
hunhan_th,72.5K,204
hypohix,"3,247","2,240"
hyuktzmaru,"2,287",332
iconnnz,630.7K,340
ihere_open,577,541
iidudes,31.5K,189
imphicefansehun,"8,701",19
inku_ing,80,769
is_mee_n,15,65
itampp,"3,307",118
itswooddz,10.1K,263
itthinanc,164,138
iwosiiws,39.3K,389
j_sho7,656,736
jaemin_thailand,85.3K,146
janezealot,501,162
jimunluck,121,442
jingjinggg97,"6,523",253
jo_me4,"1,032",495
jomquan,1.1M,34
jubphitnang,29.6K,811
juniejunejun,137,52
kaidaw56066515,19.3K,"3,230"
kamooonb,81,9
kamphaka,304.7K,255
kanintr_,87.9K,140
kf97_,11.5K,252
kimtannn_,13.4K,121
kindachloe_,10.1K,221
klomchanok,"2,756","3,280"
kovitw1,457.4K,92
kyokazuu,20.7K,875
latterain_,"1,544",208
lilpwnjh,75.3K,197
locationunkn0wn,"2,566",302
lolitascak3,330K,666
luniverse_th,19.9K,101
m_m2sas,114,308
manasan99098588,4,75
maralxnn,45,100
masonthisis,21.7K,733
mdpyy,"7,390",782
medsci_mas,26,421
mekongbutterfly,"4,124",94
miiz16s,"5,857",358
mindmelby,"1,703",840
minstaljen,40K,472
mipuxten,18.3K,171
mondaybluesmine,305,"3,969"
mqmaaaaa,10.2K,135
mulmul506,29,403
mxxnquakes,127.5K,406
mymnpl,10.3K,761
mynameismheezv2,"2,616",903
myydarksoul,"1,556",928
n2015n,201,621
namtan1983,36,145
nawabaew,"2,111",450
njk_jiangg,137,229
nnprnxz_,632,192
nomatterblue,528,261
noname_8,10.4K,425
noonzzaram,420,382
nuling,644.5K,"3,317"
nut2euk,503,503
nutturgh,"5,604",822
olineze,291,181
p_maezt,431,241
paikeenaja,460,183
pairyada_,85,"1,145"
panichasine1,98,56
paolonapaul,"2,206",129
pinkmilkiced,95,849
piyarak_s,21.3K,471
pjrtsinfin,382,410
plng103,"7,187",747
pmsakasam,123,87
pomporch,"5,995",166
praehsu,"9,078",2
pran2844,23.5K,639
primtinya,"3,712","1,263"
puri_cht,102,34
q_cupid,135.5K,"1,133"
realnuta,"1,671",754
risasasa0118,"1,739",262
rosalynalerman,611,242
sahappy__,13.3K,"2,164"
sammon_scene,33.6K,220
sano68,240,228
sanzokung,"1,502","2,450"
selfcircled,"5,611",381
selubae94,"9,676",141
shinsuketrap,15,151
shotaro_th,56K,106
sirikanyast,431,636
snoopycharliex,67.2K,"1,394"
songjinna,10.4K,86
sonofabed,249,356
sqhsn,16.4K,267
stellelucevan,22.8K,529
suanjean,21.5K,188
summerpanadd,"2,208",817
sunnkissedcoral,10K,282
supawichable,"1,816","1,464"
surreaibutnice,"5,012",277
t00_far,"6,335","1,661"
taeil_th,68.9K,162
tan2w,"8,952",374
teddytumbo,413,868
tenomgpo,226,210
thama_1985,13.9K,378
thecalicoearth,20,36
thejajah,"6,433",426
thisableme,"6,238",2
tik_pholdee,57.2K,34
tingjapanese_,43.1K,"1,344"
tipsuwan7,42.2K,505
todayisnajan,10.3K,497
trashducky,15.8K,737
vvm6lbo,181,117
windoublewinz,15,213
wonderingpango,258.8K,331
wvbqercb9kun5xq,115,407
xbzzbz,15.2K,98
yangyang10_th,26.4K,158
yayee2548,86.1K,290
ybsoulmate_lp,328,687
yingnoeyy,"1,777",137
younachann,24.7K,720
yourkimmary,19.1K,213
yuliciouss,15.9K,597
ywpaeyy1urelr8w,0,112
yyasejmyeon,"5,861","1,114"
9p_4pm,47,470
__kikigift,510,248
_bemyfluffynn,13.4K,155
_charlieya,125,102
_jeongjenhyun,25.1K,143
_kimpitta_,"1,175",243
_lepusrk,"1,953",336
_once_in_awhile,8,29
_yellowjn,69,188
_yuizy_,13.3K,524
aa74884994,702,258
aaeztar,"6,626",95
abcdefghiluvyyo,391,670
allrenlove__,35,218
almz_p,510,391
alwaysme4869,60,113
anotherboywears,12K,36
anpantann,27.7K,71
b0wii,166,662
babaycatcat,"3,813",289
babyjisung_th,51.4K,242
bail3ua,101,383
bambamuklover,"4,514","1,857"
beam_taiyo,"3,108",646
beurrexx,42.7K,254
bigfanjay,"2,622",520
bntp_c,469,"1,037"
bringmetozu,577,15
bulerabbit,50,126
bynicha,"4,964",105
byvvz,"2,844",11
cheekyfrog48,13.2K,633
cheesechaream,15.9K,280
ddeprn,407,269
dectomar,"2,722",122
dikansidikan,18K,95
dmnbchs,"4,551",192
doublessine,"4,409",411
dpeu_q,"2,354","2,260"
dypaws,"6,874",125
ediblepast,"5,971",187
enlawthai,"5,630",90
eodnhojj,155,"2,150"
faceslineinpain,49,688
felicia__xmx,146,681
fffonnz,17.9K,183
flutterfieldd,10K,346
focusjn,161,726
frameorw,23.9K,110
fuertes_lluvias,205,223
fxxx_112,93,391
golf037,"1,553",625
herantheiaaa,"3,486","1,667"
hllod5,15.5K,"1,084"
horizon309_,"2,989",550
iamtrophyless,"7,257",80
ibehindu,"9,100",68
icecreamtip,14.7K,"1,151"
iidrama_toxicii,12.9K,"1,374"
imjee_lovetuan,23K,302
imybeyou,"1,653",95
injanq,"2,179",91
jaesh_re,797,104
jamrn_jj,"1,848",48
janeyloveifnt,404,"1,971"
janna1509,"1,913",786
jaogulff,"5,212",652
jaystations,13K,233
jbn7x,26.4K,415
jjtx__,146,59
johnnysmom62,"1,835",181
jundamfanth,"1,777",344
june_np,83,493
kacchanlism,"9,666",182
kanphongc,13.2K,364
karasuwich1,"4,083","5,001"
kawwypimmy,587,305
kimamukc,"3,884",171
kimchalyn,11.7K,147
koogkaii,10.6K,"1,021"
kparii52,19,59
kunnurchodor,14.2K,156
llamameng,172,120
llpetit_kll,31.1K,111
lumosmixiearth,"5,275",191
mabearfullsun,"4,581",447
mabstctt,211,417
mal2cha,222,"2,591"
matungggggg,23.9K,230
soly_ars,23.3K,197
someoneineedyou,313,191
somsakjeam112,66.6K,101
sopheniequeen,"1,696",242
soraastory,10,78
sssmkxx,22.3K,218
staiize_,709,567
star_bu23,"1,022",739
sulovebossss,26.7K,"2,556"
summeronchu,"4,131",97
sundaevanilla_,477,99
sweetpotate_27,732,147
tamatle,100.3K,510
tarotyouuuu,50K,"2,167"
tawanyorsang13,31,143
teng_mfp,40.8K,252
thepeople_co,"3,907",303
tingkrserieslv,28.5K,254
tipananofficial,11.8K,581
tkanpat,"8,006",980
tlelizard,710,612
trieiei,"8,433",555
tuesdayisadream,12,350
tusocant,"1,277",577
urchinjan,"1,713","2,287"
vnomenon,"9,429",646
whyousoq,498,49
wingskris,"1,529",148
winny2364,"1,112",822
wowwlog,"9,946",563
xfffranceex,"3,045",93
xitgame28z,135,"1,016"
xxxibgdkchntspk,251,162
yean_ywp,87,238
yellowandmyself,"2,255",128
ywratwongfamily,14.4K,48
zangmanie,"4,754",98
ziselbeauty,"2,607",107
8millionminutes,1,0
batmaninthai,156,"1,412"
mospruk,"8,538",247
ben10wong1000,248,336
dearmoony_,11.8K,657
innnews,284.4K,451
itsminute,39.8K,201
ploy_suparatt,145,155
upponurjudge,"2,111","1,226"
181higherkx,"2,886",325
23jpeg,328.3K,173
23meena1990,83,96
47630_,117,93
96miaaaaa,81,65
97ahiru,"2,377",831
_peachybabyx,17.7K,161
aaaaaa1r,12.9K,384
adandreaa,"2,715",330
aisububu,"1,565",298
aixnumber9,"5,469",269
aiy_iye,"8,900",528
alalmone,"2,692",169
ammybottomblues,72.5K,20
amour_jaemin,"1,673",267
angelahollies,756,360
anona_ava,"6,127",928
aommiesthegreat,"3,893",934
apiecess,55,458
armzavava,367,"1,445"
averyangryass,"3,416","1,246"
axhyoun,"1,809",213
b_pv6p,50,358
bbcassielf,"1,152",529
ben_infected,26,57
bkkricklee,"1,504",980
boycitychan,35.3K,112
bumchess,27.5K,557
by90218393,46,74
ceiyb_bae,"9,840",537
chada_sp,201,189
cheesesoldout,28.8K,264
chifatcat,"2,642",705
chorliewheang,"1,033",215
clairejiras,"4,498","1,117"
cms_yx,25.7K,400
cthastwofeet,"1,821",598
daffodiln57,32,16
dayfine1026,28.9K,411
dearyoumyj,"1,234",182
detective_non,55,112
devil089000,11,57
dhsand,887,265
elficezaa,"9,051","2,629"
espoir010783,235,609
fah_xoxo,962,"1,451"
fnyer1ioojebiif,4,64
gaimiihee,"1,420",188
gib1matchty,835,79
iannnnn,940.1K,988
ibearinmind,93.2K,46
ifoundu_,22.3K,389
ilchfluke,223,273
imopcx,46.8K,166
imxx99,227,188
jaiiannss,55.2K,171
jiibii_pupu,206,189
jjoonn_k,328,418
johncubota,"6,609",252
jokerismycat,445,487
jts2034,79,130
juniusp1,6,56
kanliew_k,"1,906",76
kgzbnupvvmn2qle,23,17
kineceleranxlr8,"6,560",816
kk28041657,17,9
kormorsorrr,"4,529",293
kumkarit,"3,669","1,610"
kunnoochoice,"1,841",599
kunnoojaja_ok,17.8K,170
kwamlubja,308,141
linn_n_,493,345
littlehebe_,151,68
llalisaartist,342,186
love_router,"2,906",38
magunabjw,64,398
mathoyismathoy,44,132
mayhcpa,526,242
maymaymay_444,"2,246",71
maytothemoon,"8,967",787
mdekcat,"1,103",650
meawgolf_,12.9K,208
mildnnppc,581,368
millimdk,485.2K,100
min_varang,59,196
mmmelancholygal,"4,629",634
mnakinism,13.2K,435
mongkudofficial,16.5K,539
mybabytenten,38.1K,150
naheeesustu,23,0
nampunat,"4,292",391
nanlayananlaya,25,88
nattaboat,816.9K,"1,683"
navyo_o,87.7K,636
nnynxx,"7,084",140
nonaenaenae,492,274
nongfierceheee,"6,056",670
nookkyhp,"5,919",49
nsriinnxx,50,67
nupantip,476,8
paiyoonaima,45.1K,102
pamisdino,"1,992",111
peppernamsouth,"2,812",671
peter_petersoi,24,21
pheerawat14,17.7K,"2,155"
phetjw,10.4K,947
phuarch,27.7K,545
phufa2012,"5,406","2,813"
phxntomine,"2,014",94
piinerya,555,323
pkjourney_,11.5K,637
pokcy4,40,0
poppymamie,"4,881",268
pphupu,28,79
ppmg1147,127,517
ppplingpling,411,0
preedomnameless,181,897
pumpkinnbacon,"2,338",259
punch_memox,14.3K,490
pxnnikx,"1,800",933
pymekim,29,169
queenphuk,"6,454",348
radiokakaka,746,872
ramiikwang,698,95
rapagainst,24.6K,98
real_prodridin,13.1K,379
rudebeer_,"2,359","2,302"
saijaii,446K,171
sailor8147,"1,940",900
salmorningstar,13,85
sammiiai,71,285
savebiwty,540,493
scapegosh,74,185
schwarzskysoi,142,0
se_hai95,16,207
sjsry02,64,0
skyoasisj,250,141
smally6619,49,607
speedboaat,"3,915",225
spf_anoref,"1,260","1,023"
srslymthfcker,60,210
sssii21,164,533
stt_l,32,329
syntaxq_,11.6K,668
thida2560,713,885
tomotoesjuice,62,581
tonkaow_bbelf,"1,836",432
torandmore,21.9K,243
toyubomm,72K,350
treeshrewy,13.2K,145
tthochar,142,66
ttxnkoon,111,196
tukgatanarug,"5,785",963
twentyyno,"1,862",181
vandatwett,27,691
violetpetrea,392,913
vuihalf,7,0
warmspring_xixi,"1,312",515
whats_wr,"3,793","1,220"
wongkanok_aom,"1,222",325
worapho95106276,9,31
wwendyyy_76,"1,229","1,084"
ziine,314,286
0jokerb0,27.1K,506
11_chimchim,152,208
4december_,"4,548",803
611wan,581,81
_21847555,344,133
__2305p,"3,722",200
__realplueay,"4,121",382
_imlobo,"1,495",282
_quantumzx,450,524
_sarochii,"5,244",301
_xrho,"1,866",497
akayeuxxxxxxx__,117,184
alicezakii,1,43
allen_thailand,"5,262",48
anwnewyear,"1,574",280
aotholaew,190,345
apcyxnm,490,522
army13408,76,68
aum_saum,"9,472",367
aung_zi,194,403
babeverywhere,158,235
babyiboxz,38,287
bbestch_ss,980,156
bbigkachu,213.1K,201
bbrxxb,35,13
beamnpd,"2,049",211
bena82807317,10,9
bestbboyy,86,216
bijeemjeemjun,737,471
blinkblueberry,185,469
brightrsskies,72,264
bule_zxcvbnm,93,950
bwbieb,"1,737",375
chal2isma07,212,724
cherrybaeeeeeee,457,335
chin_skinnerd,10.3K,361
chm1101014,193,152
chrispotra,"6,549",104
cldwy,62,30
closeupdolly,247,286
cpucham,423,632
crispycheek,82.3K,72
cw_awr,98,426
damnbzq,452,450
dc9spot,"7,693",728
deardoiiz,"4,940",799
dia93827203,5,54
dopky,460,342
droak12345,20,9
duoowith__,577,30
ecobottt,430,"2,958"
elle_pg,"3,466",564
fah12345ff,52,236
ffaipeachy,459,143
findymee,32,98
flyhightomymoon,"5,197",55
fongjun17,"2,445",73
forphang,"1,014",272
g19kyu,52,32
gerrardnan,"9,230",769
goldenchildth,"6,989",205
gpaaazzz,"1,012","1,077"
grandsale_jk,46K,36
hamtharo_prat,186K,257
hhwancassi,656,599
himyx,193,236
hollywithluv,14.3K,92
hope_tori1819,"3,996","1,035"
iamjeonslay,"8,290",138
iamtae173,165,646
icuicu4,24.6K,203
igot7jackjae_83,"1,950",29
igyupop,282,"1,537"
ikbeneve,224,225
infi_mon19,136,205
jackfrostssk,"1,065",643
james_punnaphat,124.3K,159
jeonpeem,35.2K,199
jh_mimp,265,403
jhope_twt17,907,72
jicheol79,"2,551",129
jommjom,84.8K,909
jujunyz,"2,077",584
juliettedotpapa,164,283
k_mkm10,"6,493",53
kawoatstyle,"3,415",32
khthemost,23,54
khunnhukwanjai,262,51
kk90161,31,104
klyn_mai,346,181
kpnuk,10,16
kristsanapon,147,57
kusc_bangkhen,11.3K,55
kyppmii,67,105
ladapim2,"1,319",240
ladymacbread,704,683
lalisawin327,11.2K,343
lamalila531717,77,342
larisalariszx,379,94
lisa_rose9797,799,41
ltgirl92,674,631
maeydd,47,112
malowww,192,549
manana211,535,49
markbammy9397,787,"1,222"
mbnsmy,"1,060",162
middle_fg,182,443
minmiso_,24.1K,381
minnykunpi,"1,158",253
minnzw1,34,74
mixthuayfu,144,86
mln_0249,529,139
mooomeemha,17.7K,423
mpinkamin_,"1,028","1,244"
mryujinkiiz,219,399
ms_thevenus,525,350
mynostril,13,48
mysecret135,834,380
n_bpna,11.9K,289
naamplao_s,127,873
nae_nie,976,569
namthip_suriyo,478,84
ncy_pj,14.1K,391
ndislazygirl,96,225
nisitzt,"4,695",505
syderbay_,"5,012",788
taekookie_bkk,29.8K,390
ted6104,265K,963
thepeachpanter,156,144
tiva21499024,25,330
twafox,123,34
uknowlic0206_,848,210
vikonvikonjarid,839,175
vixennnnnnnnn,71,126
wanaroonkandis,21.9K,43
war_0623,569,145
waterbeekm,"1,173",84
whitebow_sensei,72,624
whorweexactly,288,432
wjisoo97,"2,156",276
wwumm20,160,558
xiaojamjoonx,681,172
xiv_21,117,"1,325"
xwei_21,492,757
yellowsom___,130,849
yeyenook4,"5,885",323
yingggyanggg_,73,233
z_rudiksoka,803,202
zaipaan_1995,108,182
angeljijie,55,127
annystory_club,205.9K,2
arttold,96,243
babyplaii,"1,383",244
baekmq_,"3,686",396
baelyasky,98,149
bangkoklad,"1,932",215
ch9rryk,91.8K,289
chia_jasmine,"1,408",306
cpsgmail,236,269
ctnpxx,300,206
danish_663,38,450
dear_khattiya,53.2K,294
denattasit,"1,001",197
eennpat,49,273
ehfkl4ax9v7ypf1,46,119
evesfocus,53,15
eveswelcome,46,3
forfafleak,289,"2,678"
forvhg,"1,519",15
futariireba,"2,847",356
gain_storexx,"2,138",190
gbdjtjcgpmij11f,10,12
gogoringgo,8,46
himawari_ui,26,329
holy_cr0ss,6,171
ihereto23,143,185
jajatatamama,42,179
jisticeduck,12,82
jugionq,175,535
jxsehun20_,"1,052",454
kaz_b6,81,427
koreannunee,9,20
kwaniiz,332,307
masouhaite,864,400
mbtnue__,151,132
mewwem36,59,63
misuomijiko,426,385
mob_nakhonp,"2,983",514
mydarkside0x,"1,198",179
n75wqtmh1c7giad,5,6
newnews25,1,2
nicha_nicha_an,22.4K,999
nongnapat_pptv,"1,073",288
ny_avengers,"1,124",172
onepiec91292572,36,135
pachya6,308,423
pawit16581018,25,487
phed_4th,139,550
pihennoolorka,3,56
prompay25227744,18,32
protein4g,"2,429",237
purestifler,99,26
purphnxk_,236,500
qqwailr,229,132
rabbiteahik,373,430
rak_kwan,11,276
saeki419,103,128
sawido,177,459
sfghj22222,325,52
sgtducks,1,91
sixtyninej,10,94
slowslock,3,215
ssbbam,"2,836",151
t_047bkk,138K,271
thaich8news,253.3K,296
thedtljoe,32,106
thipeyanova,"1,920",356
tidayingcharoen,785,"2,126"
tim56611942,64,115
vanwongyai,"5,005",547
vxrz,4,1
whatwhyland,312,"1,294"
wiwatphol,221,191
zeenzee87364811,3,44
123_plashalam_,22,120
5thaugust,"3,465",325
aamornsrisang,"7,239","1,703"
angelfallsdown,181,254
apwtboy,"5,125","3,428"
archa67825548,64,597
aristotlezone,9,147
askforfreedoms,76,245
asteriska__,79,152
astroryu4289,"1,363","1,380"
axelkanex,242,"1,033"
banaranamaprang,"5,428","1,402"
bbamwaq,150,191
bhakdiraja1,394,4
bibeeh_06,420,419
carmen167057816,"4,129","4,000"
castergtroy1,15.5K,387
chalanlala,"3,759","1,067"
chetmaitree,"2,629",729
cloudcolorsound,100,797
coollerjam,418,326
d__dear__,1,13
dsodasaza,"1,538",676
feminista_th,13.8K,345
fm42133,0,0
fpravitr,"4,561","1,016"
gmm25news,26.6K,450
herepor20,169,101
i2uicosta,"1,849","1,141"
ifine,10.4K,759
indersummy,56,169
indyzuth,146,346
itannnnnn,"2,149",293
ixlfow5frw6hq21,779,"1,737"
jeantorikoma,11.8K,98
jellowboynft,"2,870",964
jjjjj111736,0,12
jjzeaubergine,"1,396",585
jungpingping,"1,056",623
ka_mung,16.9K,257
kate_believe,"1,678",994
kazira24,"1,208","2,267"
kea_new,10.2K,987
khongsak,"6,833","2,665"
kilenku,"8,329",792
kleinesfenster,"1,459",226
know_knew,"5,159",616
kommcast,517,8
kong91799752,927,387
kw25kaewoo,247,185
l3_l2_7,14,87
lastifound,"6,481",132
likemyme,"1,292",590
lilly_loyal,150,139
llollouill,117,159
loveionion,"1,376","1,287"
marksurawutt,331,803
meetuhero,742,875
mgronlinelive,11.8K,166
minionsminions,981,"1,012"
minnain6,625,"1,223"
missiontomars8,11,93
mmeetine,72,276
mook_olives,96K,161
mornings_qp,371,889
mr100_4152,"2,696","1,124"
mr_pdls,"2,175",299
myfavfilms,95.4K,40
mypinksmilex,"1,612",256
nemo_4455,275,293
nokroo_d,"2,590",350
northsau1,"1,400","1,648"
numovement_th,"1,425",0
nutcharee52,"2,146","1,254"
ongdam99,588,819
orangepao,784,"1,164"
p_monstera,29,119
pattama595,35,206
pdlulla,"8,059",233
petchy66,48.5K,131
phd_chem,388,"3,293"
phsu_,"2,168",299
political_drama,96K,"3,965"
pookem,44.9K,19.4K
pornson,19.8K,667
pq0710,81,666
punnpunn1992,"8,252",626
purplepepefrog,"1,052",747
rang70,18.1K,793
rungthi61302027,11,37
runner_rainbow,"1,890","1,648"
s_amkeng,10,278
s_somprasong,43,289
sonamsangbo,23.6K,"2,466"
sr_wiz,"1,562",755
stop_dadjarit,40.3K,894
suraist,363,604
sutunyaratb,35,102
taameeee,"3,917","1,688"
tadsaorn,29K,453
tawan_lastsong,97,856
tawitpop,334,361
teabhoky,"8,639","1,374"
tearofthesun01,77,14
teddiesponge,343,144
thainews_news,93.9K,"1,333"
thaipost,254.3K,177
than_apisith,68,197
thanaaer1,"4,186","2,281"
thawatchawin,"3,826",651
the_guardian910,"2,499",301
theairgun,"2,056",300
thekallapangha,956,398
thenongkran,165,74
theskyline9,889,525
thetukk12,11.1K,"1,418"
thongfive,"1,384","1,055"
tig_think,"2,058","1,145"
tonpatiwat,13.3K,"2,144"
torbcc,13.1K,"2,280"
unixft,"6,377",842
windslow5,10.4K,"1,093"
xker2475,714,763
y0lp_,"1,360",74
youthmatter_,261,14
yupstarlight,1,24
yxxxxj24,"1,230","1,108"
1504fp,19.7K,423
240639f,777,584
679_again,"1,378",117
93_97mc,"1,548",340
9493kadicafe,"8,932",557
_imbowvybd,24.6K,155
_kqguk,35.5K,589
_maerz_,"1,441","2,030"
_notyourpeach,71.7K,180
_odier,"3,920",90
_pjm168xx_,24.8K,116
_threefelis,"3,295",236
aammppunun,"4,748","2,803"
annasui1725,"2,126",29
arareoom,"4,421",234
arieldooduang,948,0
aroundtheton,"7,433","1,371"
b__burin,164,"1,024"
babariaba,41K,923
babygings,40.6K,500
babysleep3878,2,35
balakbalakugug,"2,200",581
balen21gg,67,"1,047"
bebellebellebe1,20,76
belza_09,"3,747",604
bemkhy,"3,079",110
bhak_cha,24,113
biggulfjunior,"3,336","1,174"
biwarian01,"6,998",531
bmntbii,"9,932",245
bobby_cmm,167,712
bomandjourney,"2,618",190
bonnadol,308.2K,39
brandinsideasia,29.1K,1
byniyaiiiiiz,43.7K,190
caelum71711892,2,193
cakeswnsk,"8,966",264
callmegg_,"1,388",373
chaliangle,480,710
chaychayy4,228,17
chybspt,16K,298
clanwu2,"1,494",76
cosmos8n,"8,687",103
cpa7343,221,65
daosaowaanjaimg,11.1K,"1,539"
dear2d_,"3,227",35
dewrelease,26.1K,"2,139"
dokyung_dyo,"3,365",599
e12ina,"5,081","1,819"
eaaaw,71.3K,758
eeooxx2,15,27
exol_ilcielo,140,192
f114jd,20,218
fatty_fifofu,160,"1,600"
fcukingmontage,64,"1,029"
februaryfang,"2,294",987
fuuny13754005,0,1
gingerbelley,229,822
godurboyx,"1,149","1,110"
goodforsoul16,24.6K,364
gvsrsiam,690,260
helichrysum_mg,"5,437",146
heyimnana_,567,120
hhyhq,23.1K,200
hipstoey_g7,37.9K,321
holyjjoippoi,10.2K,230
hualaan_7824,743,472
hwangtothekim,247,159
iamked,277,127
id_boboo,11K,168
ifernweh,922.3K,914
igolf,"1,120",636
iii_kmkm,226,582
ilerbkitchen,44.2K,341
ilysmluffy,13.7K,342
impeachii,640.8K,"1,473"
jaengno,24.7K,412
janenyjk,27,184
jaravee1821,"1,393",293
jeliong,47.6K,186
jigzerotang,27.9K,188
jjaokookie,733,595
joliepomme1,60,378
joojhome,"7,445",235
jupiter_sik,570,467
k_risa1998,101,729
karmagotmyback,"6,351",91
kmkm9597_,"9,023",408
kmsstar2614,300,982
koodji,"8,060",108
kooktae_975,"6,438",632
kreme_q,133.4K,116
kyupimin,"2,202",426
kyxminna,"6,188",597
lavenderboyten,"3,529",69
lightvampire,"1,578",389
lilcattomeow,"3,817",658
lovewithbbh,13.8K,150
lxze,"6,776",711
macroart,177.5K,"1,553"
ployhzg,28.1K,579
pondjaa,499,602
pooh_nut,"3,363",323
poppyjin93,10.7K,339
porzhan,15.1K,38
povrystal,"3,953",183
ppinkqx,230.5K,764
pploydh9,"1,631",59
prodpn,48.9K,241
punpromotion,65.1K,0
puzzle2127,9,547
pywm3,238,0
qrojake,28,314
rainyjournal,28K,"1,043"
rrjt_,416,162
ryoanutta,"2,247",134
saintstroke,573,108
sandyhamiltony,70,201
satangtosky,"2,555",929
savesafesave,"2,530",719
scenariohs,"5,821",299
serapheter,"8,619",160
seriesinthai,171,208
shabushop_,27.4K,157
sharerie,123.9K,227
simply_ply,252,"1,206"
snack_ny,"2,098",337
somebbearr,"1,474",930
sominnim,"3,121",311
ssten10,"7,807",494
ssusane2,"7,265","2,878"
suuyinss,"4,161",515
taladtadtaeee,344,155
tamquamexo,16K,355
theboythungkru,"1,837",42
thetingxone,623,145
thisismeeng,260,247
thonfarxthorf_,"1,722",126
tigeryellowlive,19.6K,"1,270"
tippuri,"3,059",369
titisak_plasma,42,371
tnp_wand,"5,832","1,243"
trapezzium,"4,974",0
triplex3y,"2,972",691
unc_th,572,0
usangi_,"2,319",226
uuus2994,"6,920",362
vanatcha_oil,18.2K,372
vibbowp,"1,422",544
viruskei,31.4K,104
waraable,19K,497
watchingstar92,256.2K,430
wednesdaynnc,251.6K,85
whoi_amp,"1,806","1,641"
xingbua10,818,423
xoloveprim___,"4,161",796
ydyyyyd,"5,343",68
yudsass21,"5,070",686
zaue_dd,"1,699",285
zknur,876,159
zupernan,"7,854",189
1008af2020,56,326
1212lightyear,234,377
52hzinparadise,782,997
713_democracy,0,31
_nanajaemin,"8,309",490
ag_bh04,89,472
alicelovelove2,1,6
aonapichart2012,30,172
aprillyms,121,186
armkn45,10,8
armupdate,16.9K,919
artermis324159,169,234
atwchai,"1,833",114
aun_lisa28,214,38
ayena49865688,15,16
babalilit,18,178
baborpai,55,170
baelichaeng,98,591
blackxryker,17.2K,447
boyplay84874568,6,252
bt0ng,207,240
bubba034,13,78
bxxenz,14.5K,30
chaliitaaa,603,89
chuchee6,17,23
cottagenongnoo7,184,282
daemongll,654,653
dear_electrical,57,16
domenut_mc,336,456
dookdikkee,51,159
fantapxx,183,9
freezmelons,21,488
funfun72715659,42,66
gencharisma,22,82
happymejane,134,238
heat04753136,86,237
horusnarayana,255,558
hsfwgud4iyme89r,7,0
iloveubaby294,178,83
imclovinyou,292,488
iorgansan,278,153
isyourdaddead,42,163
ja____v,383,267
jb7797,22,119
je13ravo,174,399
jennychthchs,"3,201",163
jingjo_yip,21,32
jjymjm,38,411
jkim455555,377,167
jltfynaas9lmbta,37,0
jomkwan112,71,13
joyjoy79789791,"1,620",407
jubkusiiii,79,122
jyheffect_cnb,"1,216",169
kan6919,46,111
karompolk,220,48
kathoeynews,22.7K,42
kenjitaro2,993,231
ketnakorn_p,347,297
khaotomgoong1,63,196
klswr_,389,397
kpuvaphat,17.1K,130
ktzpoom,13,0
littlecat296,21,69
lover_danik,918,617
matthewchen93,33,198
memepp_72,153,181
minksarisa,149,944
mp10321,"1,531",72
mungwbnk,0,27
n_negative,3,36
n_nncm,1,149
nameless1340,599,371
nanaderakon,281,82
napat_npk,55,7
noppatjak,622.4K,963
oatciiz,360,285
ofotz,6,32
oungclub1,24,19
p_saonoi,"6,168",267
peppapadidubpup,40,98
phanuphan_1998,59,636
poo_lek,297,191
portheimmortal,343,221
ppl_mnc,231,99
pppaaaooolllmmm,204,313
queenxinee,17.8K,360
redbamboo16,28.8K,"2,637"
redbirds2475,149,519
rickxmoty,203,270
rsuksrinual,340,"1,391"
rwattana_,22,75
sadboyggj,47,46
seanoopy,806,"1,770"
sgolf_sgolf,221,242
shetahxp,126,155
sirawith_s,28.8K,117
sitti1000,152,411
sodaza1122,196,116
spchyead,76,8
survey808,22,78
swxxinde77,157,45
t5mgs0owvjxtgmb,10,224
takeru_mock,211,80
tempo773,220,19
tigertop01,"3,125",29
titipol,"1,700","1,047"
toffieoohlala,14.5K,216
typhoonapr,249,169
uranus_93,56,206
war11t,32,293
winnywinenyy,454,402
wrexzisme,241,"1,173"
wwwwwxxxxxyz,307,800
xkpk9z2sfeggb0u,24,52
yakuza0103,342,333
yimgroup,19,272
yohanthox,"1,102",756
youremeantome,11,223
buausa,"9,194",492
chchachar_,97,402
freetupandit,"1,608",52
ipd_thann,"2,638","2,126"
kwa8n,17,185
kwipwap,375,"1,542"
lqualityupeam,412,287
lt_sis,142,117
nasderd,"1,010",363
ormper93,628,228
petra_viset,463,307
phetsiam,"1,948",582
porairmor,"1,678",101
ppkkppkk0,42,156
siamesefat,"8,690",579
sonia37999,"1,950","1,312"
straycoolkid,140,111
viceboywild,261,200
3pppnalin,134,556
412windy_,"3,541",276
704nowsi,841,108
_kayalynn,348,125
_mintwoo_,831,485
_shyunnie,"9,352",186
a_pimnapassiri,723,672
aitim137,"8,122","2,169"
akpumpum,17,1
alitsarah,"4,493","1,818"
ami_mochi,"1,206",600
ange4__,"3,353",248
angy3117,350,313
anon_pausemob,12,36
anonidt,34,87
anothermi2_,1,45
aomaralom1,13,17
atcharachin,116,516
azure_area,408,245
baiibuaaa,15,8
beiw_nttp,622,69
bepadd,"5,616",716
bestabso_lue,70,78
bitnovice,215,277
bjjsom,"4,667",97
bounyisa18,16,220
broncomondo,3,16
byarena,45.6K,164
camelotte11,245,"1,139"
candysugar1993,386,381
carrotkun,"3,440",994
chu_chouxcream,411,440
cigshotvirgin,10.8K,92
clear_blue_sky_,59,54
commonpeoplex,"1,946",145
d_ktg0327,239,116
daddy__crow,"3,043","1,445"
dayglowshop,51.3K,0
deariejinwoo_,12.4K,171
dudu_babyyy,41,51
eee_y95y,526,785
everlyn_twt,370,106
filmsick,"3,438",836
first7552,9,26
freelife_20,10,59
fromxrth,"3,316",230
fxcku007,3,14
gagamaimu,18,62
giii_not_copy,781,182
gpsmusic2016x,523,23
gradanat,68,36
gulffilms,12.7K,27
guubaazuzu,11,256
happyaliceee,715,107
harunakung,"4,374","1,562"
hiyuura,17.2K,953
icnnara,56.7K,"1,101"
iixixvxeight,"1,565",862
imnannyg,"1,499",103
imokitsalright,886,"1,154"
jellybaex,"2,340",205
jjlinisgod,39K,126
jthipnetr,33,77
jungkok_19,226,176
kamioshikorn,240,875
kazama_ra,134,60
khanawitw,4,14
khiingg_2403,127,354
khing2khah2,799,"1,109"
kim_shm11,149,940
kobkoon3,349,801
kyyy_yym,8,59
lee32k_lady,620,623
leisure60191507,21,161
linglin04852098,0,0
lukkysone,407,308
luluke_lookkaew,"5,104","5,597"
madaydream30,61,505
malky313,423,962
maneemepeck,20K,3
maydear_,225,132
meawii0493,535,"1,864"
mew_tfreedom,441,388
midnight_tea_t,287,267
miniyepor99,11,262
morningstar8ray,496,720
motijaanjao,330,"1,172"
mulilathecat,"1,886",351
mynarniia,28,49
nah_aey,2,0
natsu_ai,463,309
nishikido_show,151,70
nommaew,215,"1,736"
nonnyissleepy,22,16
notscotchb,53,680
nowhere02768316,2,32
npaak,106,94
nur_goe,91,675
nuttaya96793999,12,91
o_oneo1,130,297
ofid4ygamfgvdxp,17,61
ohjoyth,39.5K,201
onlyyou0624,4,26
pannjed,"1,479",403
phenomeknot,"7,185",596
plapoo_o,498,314
pploy00pp,"1,311","1,101"
purpleaster3,199,558
pyesuke,261,380
qinchundong,238,"2,316"
qk2an,38,90
raveninla,116,"1,011"
re1d018,15,38
rebelji,"1,313",370
roachlinn,25,111
rogermajortom,"2,559",31
sincerityks,398,294
slumbombay,566,21
smlsry,9,305
somzommmmm1,35,97
sppot_hel,687,223
ssantarou,191,278
sssoc_1,53,88
starplatinum48,14,91
sunllion,837,174
tenminimal,709,"1,128"
thesunflowerth,91,171
tnbpi,44,227
tomei_tan,"2,455","1,673"
twoeightaugust,"4,899",126
urenasx,351,184
warmncn,754,"1,226"
whoisastrophile,12,8
wvvvwvwvwv,"1,059",6
xxsapphaniztaxx,165,555
2561x2561,11.9K,0
eurocake2000,44,90
fmishappier,797,93
kerietx,"2,332",239
kidchuemaiaok,103,408
kikuchang,20,198
onghouse,53.8K,84
opel_zuza,"8,608",230
pruksakasemsuk,40K,97
s_ayabbz,"3,540","2,194"
st_runth,"9,145",264
supchaivong,"3,472",21
swu_maimeejut,"2,679",119
themangozero,18.9K,22
withdy_s75,"6,261",958
xxhhhllll,404,180
ywinner_,20,46
01august__,112,"1,429"
01mdbj,548,88
0809tymex_,"2,449",84
121231212_ufo,50,454
2mix808,82,252
7_americano,106,606
9kangseulgi,16,56
____domino_____,1,212
_bebbm,151,201
_noonnhim,89,606
_windyhun,615,285
acecheckin,244,742
afterosesyong,"1,121",135
agustb___,326,173
agustdyoongix,195,382
aonnyptns,"1,484",335
apieceofn_,"3,088",334
apricitynjane,142,534
arororohwaa,936,511
bamketsara,82,380
bammie_bammie97,351,192
bas10mev,26.6K,124
bbab3333,437,176
bearofview,135,275
bebaeeeee,53,142
bibimbaekk,259,529
bitchqueen_1998,"6,176",149
blackswanv_,362,"1,214"
bluelemonade68,717,621
bowii_syn,102,114
br3mcm5dxweoqno,3,21
brxydxn,3,3
btingbbb,185,351
btppppp6,51,297
bullshxtwxky,1,4
bunleng_wan,"5,283",97
bunnyyboos,4,222
callmebluedy,54,941
callmeyourkim,973,69
cetetolerant,322,73
chanbaek92_92,12,176
charixxa,18,164
cheetahcubsclub,130,215
chichi_chirat,48,178
chitana_a,469,263
cigaretteinmil,37,191
crownonmy_913,57,369
cttplita72,"1,240",535
cuzmogrumpy,189,111
dallenmb,34,274
damiisdemigod,"9,813",311
daodow_,169,476
djdjdnbdnchxcx1,0,14
dokudok08055392,0,21
eimmaknae,17.4K,37
elputo_n,35,"1,416"
emptyroom05,123,"1,130"
enrn06708325,13,95
etrenders,"1,207",416
eunbipy,46,976
fannnyu,35,258
fanpjin,311,397
febjulc_,9,93
fiutopia,953,152
fonxness,53,207
ggbgirl321,23,647
giftleen3,8,17
gracebaekj,"2,184",226
gurlll30,23,26
gzieeee7,143,813
haveltv138,29,155
hd_geneziis,83,368
hhaiy1,85,"2,787"
hiiampang,46,79
hiyaagurl,355,264
hooneytuajeedza,"4,201",190
hrumja,33,91
hwangmh11,6,102
i_hear__too,2,19
iatgnat_,771,449
iiigreenz,23.8K,"1,084"
ijustluveating,104,"1,474"
immanitaa,44,356
imok06254627,12,85
imsugacandy_,655,363
in110200,49,179
itsbenada,73,12
iwuvpp,160,"1,680"
j_jisungmin,119,199
jamorjamhuh,82,362
jb_jackson0628,5,43
jenniephuwinsta,113,100
jenxmyjj,395,141
jesstiefly,455,149
jetaime_tamm,108,196
jjjjjjjjclp,64,143
jtm_little,"2,656",91
jupajujube,"1,992",252
jupiterauroras,3,79
jwpreme,"2,062",100
kanghokpip,299,"2,783"
khxnpordddd,825,"1,596"
kiak_k,296,357
kimijaee,141,575
kimlip_p,137,480
kmira_m,24,8
kuxyanee,193,195
kwaniixc,330,183
lailintim,"4,282",103
lazy_dat,37,355
lemonmanow1999,101,279
leowl_m,450,720
lilacxcrescent,"2,098",193
llyyz11,40,76
lovecuzcute,30,236
loveme981135,9,62
luvsugathebest,73,78
lylalyl0,21,465
madmaddmad_bb,338,356
maipurknajaa,36,170
malilamalila6,1,17
mariko42542373,30,14
maruedee1,1,68
meimeirljj,85,237
meiyingr22,343,197
mellowxeca,"3,385",343
memeso22,121,228
michiyo_yoz,669,"2,330"
mimimiang981,81,947
mindmoonx,"4,286",184
mininimilin,11,434
mintiz24,28,404
minvzx_,68,520
mirin_bells,13,266
mmai_limkim,906,998
modealll,1,141
mondaegurl,62,222
monriac,23,"1,131"
moodz1405zen,57,554
mooxhan,138,135
musep1996,241,308
mymarktaun,85,158
nalasocuteisme,124,138
namk_pj,"9,736",198
nammamon,694,153
nammmuip,79,158
nanabananaaba,86,802
nanueng5,11,18
nctjeno7127,106,303
neverjm_mind,41,344
new_2401,767,854
newelliek,136,189
nisod6gazeznvca,2,10
nlkm_nila,127,19
nlneejunny,55,202
noizna702,575,436
nojellyno,"6,731",136
notyourpsr,37,801
nxxaxmhom,"9,339","8,479"
ofag1nflpbliwvr,4,5
olive_mtbb,12,66
ommitsly,"3,514",280
optimusmeanz,21,"1,181"
oursky16,62,87
p_h_t_p_t,149,7
pagalaxypa,131,118
panlayakunjin,20.6K,"1,494"
pearl_summer,80,130
pimmymb,473,"1,250"
pjnjm2313,238,910
polyya_pd,28,526
popcat55,0,41
posty95,18,111
powderpeony,"2,792",566
ppklyxx,307,213
praewpannip,21.1K,256
prangkaaaa,596,367
prdofxo,524,655
prinzessenias,855,552
priplum21,458,166
ps_taetae,"8,012",211
pstxdefsi,152,319
puangsad,24.3K,739
pugisme,76,733
qwpqwtrp,32,183
ratha__official,278,72
realmemilkshake,"2,473",406
realphilo_,49,558
reviewmorethan1,514,0
rpiwpiw,46,40
saijjjjj,60,517
samoyednim,"3,474",199
seokjin270704,"1,352",439
shoutoutformyg1,86,325
silk9_xx,23,107
sirkangnx,210,272
smilehangyull,494,102
snowwhritee,54,293
somoyaaaaaa,87,270
somzabacon_,42,628
sost9308,66,396
sqaure123456,0,23
srjk97,"2,355",325
star00415134,12,34
sumhrubting,174,329
sxol1907,127,232
tankaii,337,612
thanxx_u,"2,400",778
tomangmo,"6,931","2,102"
tomato17773600,0,2
tong58315574,20,82
toocute_cheese,48,484
tsppwa,550,"2,302"
uniquenxpa,609,241
untoldex,362,280
utopia_1924,78,456
wangqinn,61,141
wannatalkt,23,84
wawadayy,"3,203",699
what13231617,3,2
winneryg8,47,271
witchmcmxlv,294,"4,761"
withundersky,547,511
woodznoooriii,"3,134",222
wsirawee,876,71
xingminno,116,757
ybadv8ezv0faydn,10,58
yingjiwjaew,"8,723",458
ynynpm2,71,89
yoongiland_bts,"6,239",792
yoyhster,13,115
zerottllz,138,202
3inchesofsnow,"9,824",770
4xzhyb1,26.1K,70
___teatime____,"2,641",153
__crazyray,10.6K,558
_jsmatine,167,336
_parinkpinnk,59.9K,514
_yatokagura,"3,899",376
aeiaoey,90.3K,18
afterrab,"1,393",145
akam_th,"5,251",0
ame921015,"3,320",295
anabashi,17.2K,289
angieeys,10.8K,54
atompakon,41.4K,563
avantgardddd,164,"1,074"
azelea55769338,152,828
badbitc82402803,12,73
bbbouuu,"1,157",291
bebepatta,180,293
besmile21,59,109
bluevantomorrow,156,759
bongkoch2007,589,404
borntobetingei,78,21
boyminhyukbot,943,452
camelotter,662,317
chadchart_trip,117.4K,2
chompoochi,"1,145",186
chulacuteboy,95.4K,119
cnfglixlrwn1x8j,1,35
crazyumewriter,219,10
dats_nono,"3,998",170
ddaehwimom,23,207
dearmamarchboi,76,220
demi_dream,12.3K,361
dk_tom,"2,129",387
enfantlnwza007,"1,530",396
epxx__,"1,387",309
exorcist0394,497,924
eyehippyy,83.3K,"7,468"
f721521,"6,939",798
fai_animajus,646,630
falsetto0106,"9,571",82
famous_xm,"3,115",316
fantezieme,"4,706",281
farmchaneee,"4,357",44
fernfi_bai,"3,218",336
fonxog26,"1,501",187
g_patchara,559,294
gatoonmonpark,11.7K,285
gimpophopuaja,44.9K,"8,909"
greenkungz,44.4K,408
hazelchousana,16.3K,184
hrealh,66,"1,014"
ibobbmiu,166,112
ionyouty,13.5K,90
irenebae_th,90.8K,203
itsayatp,111.3K,197
ivetren,"2,199",549
janennne,"5,131",149
japanesebaobao,1M,10
jenolhorpaipawa,11.2K,195
jyscute15,137,151
jzxi_,"1,339","1,538"
kaitoonja,24,242
kantr_kn12,248,522
kinprprp,"8,003",165
knurse3004,778,157
kokoriza_,"1,077",372
lazy_and_lame,"3,967",451
leebubuism,12.5K,260
lilbuap,14.9K,160
liononlunar,14.8K,54
lippe192,32,172
littlemwr95,38,171
ll2415st,161,"1,366"
ll7041,10.4K,84
loukploy,46,539
mad_madmad,117K,480
maki_mahno,"1,953",327
mapieyk,17.3K,258
matchax_,58,172
millioneyes1,665,"2,440"
minaricute,870,792
minibabechi,35.2K,249
mkmkiss,315,"1,547"
mookrada1,"1,603",116
mookworranit,917.3K,398
muse_np,72.2K,248
_candyclover,269.2K,64
_danik___,89,118
_dnvp2_,51.5K,108
_jae1402,14,75
_janelkz,18.7K,162
_m134340,"1,432",161
ai_fuyuki,210,"1,160"
alther_boy,252,327
amitygodz,48,96
anti_de_sitter,39,599
armyofseokjin,33.3K,"1,101"
atwarsphere,"8,983",473
b0rneater,"7,670",809
babycroissant__,154,60
back2youu,"1,866",442
bbbbeta2,120,178
beaushioncatvie,614,595
bee56492406,0,1
besidewoong,"2,054",396
bnjm199x,680,75
bnngaisus,20K,194
bohhot,1.3M,131
bonchon_02,638,74
boom37391231,155,116
chachachala1,2,38
chairo_tanny,112,700
chanelchastyle,2,7
chanonrdhjvsfhj,17,397
chayahyunx,18.8K,150
chmyzer,806,241
crushonyoun_,"5,370",221
dabeztt,50.5K,257
dejaehyun,15.9K,164
diaryofmedlife,"2,309",24
eatcat_cat,5,93
ejimdrama,442,197
emanuelgrams,61,716
fannnore,805.8K,440
fawithty_,575,168
fern_yanw,"2,856",85
fewfewsk,246,666
ffahxnmb_,12.2K,376
fiffykung,36.4K,828
fordantitrust,112.4K,"1,433"
fswarr,356,121
galaxy_praewa,"1,666",872
gam15743502,2,28
gangschiele_,48.1K,971
gfusethicha,84,305
gikwang_yong,14.8K,240
hamzterzkub,58.3K,"1,291"
helloimnewyear,37.7K,175
here_tuu_,42.4K,987
heypurpleclub,23.6K,398
hiimemoryt,6,443
hollow_een,195,885
housjy,2,77
i3ellenbear,94,270
iceskin_6,131,221
idol15833785,1,10
jaeyves_chalala,58,836
janenithx,598,519
jayboojeonwon_,74,752
jeffrey14x,147.9K,117
jenbiverse,55.6K,327
jeonbuxiey,"1,130",150
jeongwooth,29.8K,75
jida2350,1,24
jnkimnoeymi,13.6K,411
kairoro88,"2,788",130
kikihaehae,"1,512",7
kimgodsloth,12.1K,"2,617"
kkiiv_21,27.8K,514
kkndbbny,99,438
kwanorza,775,915
lakchayapu,"1,279","3,298"
lalatubbiesx,"3,114",78
lalisa4646,937,652
lilydelili,95,134
linerguide,42,224
lode1994_,126.6K,580
lomanoffee,111,524
lonelyinosaka,"7,783",337
lunar_saree,543,295
lworkalone,"1,055",525
lyn_aroun,7,87
m2282551559,6,107
m_atp9,"5,442",479
maetubtimgrob,98.9K,254
maidaiginyer,"8,962",320
maimeooh,"6,094",399
mama_bear007,"7,538","1,105"
marino5555,230,"1,012"
masatha,"5,348","1,491"
maybspring,804,293
merlinx26,216.7K,66
mgamgulf,"5,822",82
mii2rhythm,"8,974",42
mikazuki_hw,10.5K,498
minionkapook,325,261
mmiixixi,737,122
morningd3w_,105,102
mpc300793,"3,609",128
myjk_g97,86,159
n_tsim05,118,121
nam13084291,115,305
nct_sensation,111.6K,176
new_taetae,"1,310",516
noong_pum,"3,386",381
novdm11,0,58
numliiu,41,153
nupanggg,"4,900",555
oneting55,9,83
onetwojak,532,876
onlylaikuanlin,12.6K,529
onyourjane,51K,351
ouibearsrb,437,58
pattayalism,69,66
peemazii,470,321
piyakankaewphe1,10.6K,332
poongpoong_jb,23.5K,960
ppandherchubby,"7,146",242
psolemn,318.1K,666
psychotakz,"2,428",639
puppylove999,24K,"1,667"
pw_nloveb,140,267
raknakah_edok,86,104
renjun_mh,"7,749",141
riko_rikarin,221,203
shinryujinth,14.4K,119
shoilym_,350,255
siri_sura,638,154
sivk_,11.8K,78
sosadinhell,145,282
stan12_twt,697,99
sun_flowerpm,603,878
taiineko,17.4K,115
taytay_jt,436,139
tian_wichaidit,"4,562",396
tippyy12,10.3K,40
tommysittichok,102.7K,153
tsharuto,16.8K,96
ttaesocute,"1,897",212
twitjaeten,"8,721",0
ukukuk_21,"3,919",450
verellie,12.7K,504
viewaranya,"4,008",753
vitaminhee_th,14.4K,131
viviennewonder,344.7K,391
vr46seb5,44,243
wcbwwww,971,"1,251"
whatwhowhenwar,"2,479",213
withharuto_th,40K,80
wiwat0071,131,64
wtf_etuu,266,244
xiaozhan25,324,180
xujiaqi_th,"5,759",24
xzoscveqfmrpn7t,5,24
yakkinkaitord1,271,"1,123"
yamyummy,33K,854
yasineenisay,343,250
yedam_ss,"1,197",253
yoshi_thfan,23.1K,80
yunosmommy,"8,231",127
yvmmmmm,"5,304",185
ziettp,"1,175",226
eisamericano,200,755
empongpat,26,229
evillnjoy,792,"1,769"
faralaern,941,293
feifeiliu77,"3,086",238
fireflyf2,29,175
flowercerisery,"1,273",594
fordtattepruang,107.3K,91
freedomshots1,229,27
g7_yoona,25,98
galoyy_lala,211,156
gmbikk,7,6
golfwatrin001,172,443
h4chi1993,173,661
hankuk__,31,70
hate_dictator,17,20
how_gee1993,100,132
im__exo__l,66,57
inbehi,136,351
isaanrecord,14.5K,576
itwitw_,21,290
j_saesung,0,63
jgesilva,12K,997
kakicrack_,31,92
kkkamkaew51693,64,185
jiimiiko,20.9K,160
jjjidpk,305,398
justdoit__now,"4,092",44
k00kkik,"1,333",250
kdyyyyy2,50.7K,162
kissmjee,"1,712",345
kuykubored,520,433
lnwzaza8,82,254
monocuromu,37.9K,248
noirisaesthetic,39.1K,78
notenotenot3,17K,547
nsome_,38.6K,105
okeybitchyaa,409,89
omuretto,42.1K,878
palidaskp,"1,461","3,112"
papmuti,"1,898","1,276"
pedstk_ac130,320,295
pipob69,12K,442
pnm_moji,21,46
rishadanport,10.4K,112
smopolscicu,"5,382",22
stfupe0ple,7,35
sttonkub,109,"1,772"
studentunionof1,"7,016",34
thanathorn_fwp,1.6M,574
trust_o_m,99,96
ttiouhvjsa,31,17
paritchi,280.4K,435
petitpor,"3,588",590
bxcvs1022,51,473
cbxdaff,984,968
charupol,109,114
chennietckjd,"2,776",529
darkchocokiss86,738,241
darlper,40K,602
foolcat556,138,83
fuji__juji,333,70
gpnngm,214,218
idku256,49,553
jellyjubb,"1,126","1,414"
jmpeachtosh,"1,398",316
june16425,28,118
kwonsoploy,534,830
natlamborghini1,"9,670","2,807"
nhernongkardon,149,65
immvvry,"1,344",76
democracy_fwp,"1,737",524
hanaleo99,988,206
choeymoey26,"5,118",24
karookkarikz,193,193
lxnelystar_,"1,839",265
matichontv,25.4K,299
maxtomax1011,6,27
no2ningz,944,"1,405"
panith4n,45,142
pheerapeer,26,145
plasteronme,662,"1,637"
pond20000,733,402
print_discovery,"8,455",243
rtsiraphop,"7,692",907
shuilong205,449,236
songkietchartwa,"7,405",844
natmother,"4,076",860
triamprotest,"8,686",0
bullyingbuff,190,52
esz,14.7K,605
gymlinomjon,143,446
idnews_th,167,11
iiingeow,63,19
inamkaa,80.6K,857
japhiwitmes,294,630
johnwinyu,1.8M,"1,003"
kearthling,"1,893",691
littlejohnwick,39,0
love_world__,18,92
matsutako_jp,25.4K,20
midsummercake,15K,444
mmallowme,480,809
mmpxsp,172,303
jjh_blue97,751,339
janest_13,30,52
jericho87208840,57,10
jettsmlw,291,628
jkpianokj,"5,100",322
joydaynapas,22.7K,228
jumidmaidai,435,494
kapara69385543,103,26
kiinnnnnnnn,21.5K,433
koike_tempei,115K,335
lokkongme,53,564
missoliviausa,321,94
mksswm,221,584
monhayin_,563,351
mumusoon,86,"1,341"
mxrueliylxve,26,130
myjjy1005,863,314
nawat2918,129,9
nkt0061,219,381
nnutqy,17K,292
nongfutureboard,"2,413","1,214"
noonneeexo,"3,584",257
noviaqajpob0roe,17,2
nutt32723763,371,483
oakkyzacz,18.2K,357
parkbxll,283,415
phakphumjr,15,54
tinexblink,993,766
g0t0suke,677,880
theanness,23.3K,481
elamanith,"2,026",100
mayitneverfade,473,85
meawfuckinghigh,21,59
miinnavt,9,30
milinbabe,316,350
minibun123,"2,768","2,546"
mtbb9397bb,"2,269",323
nongnhaika,77,297
nowhereishabpy,70,746
oneulmikee,20.6K,12
pankatze,16.2K,532
pita_mfp,698.2K,416
qbewx68,"3,987",288
redratarot,21.2K,0
s_solitarysun,"2,435","1,632"
scorpiofourth,"8,468",175
sfkkfs_,1.1M,309
shipwooseop,"2,734",64
fuxsuxlux,279.7K,"2,421"
harubnn,609,92
ndmikkiholic,200.5K,559
njgg896,40,15
nsolympixx,14.3K,78
ohsenies,365,484
oilsgth,"3,521",317
pan_wps,262,123
peepks8,"2,758","1,123"
phofqin,547,568
phy1095,"4,005",342
pund0112,"5,057",986
realllmylove,223,182
republicofsiam_,142,33
sainlesemajeste,"4,305","2,130"
saycoolenglish,369.2K,83
studying_60,47.9K,39
sue_ching,37.4K,251
sulli_thailand,36.1K,87
sweettungmae,194,459
maisonwanvipa,41.1K,272
noppadon_dmc,1.2M,1
gellowgene,48.3K,187
iamcamnt,10K,159
ronakorn,12.1K,439
madamindrama,580,"1,277"
malaoil,"3,709",911
mdzlhcy_,90.9K,587
mellia02,623,412
namwhansweeter,"1,570",423
numsaeng13,34.2K,663
oilmilo,154,130
ouummuu,"7,020",534
panpineapplepan,759,327
patheneuro,26.1K,628
pepi_nim_,67.1K,366
philprajya,19.2K,"1,553"
phototardies,133.1K,258
itwillbeokaykk,143,265
mogentraume,37K,75
nft_worldwide,22.9K,"1,838"
iii9527,285,278
msiweakkul,95,240
yuu564pt,353,819
zulxlde,468,"1,534"
dragracethaifan,"4,198",190
futureperfect91,172,215
notandnam,"6,337",627
ggit56,23.3K,764
he11noteque,19.8K,510
namx227,"7,245",71
ohbooboosoo,"1,255",70
pa_rasite_,468,"1,442"
papertiipiitii,12.2K,159
pomeranel,"1,231",875
popmina1,121,209
porschepochi,604.9K,195
prempmst,"3,759",290
rxinpeach,172,212
sebongxme,98,129
thecosmehouse,968,73
tiwai_ty,"5,725",301
ysillx,1,34
9474xlip,180,145
ewwwwwwwwwwwy,133,256
milkxoo,"1,037",406
colleendetroit,178,203
foxbrownfox,"3,226","2,955"
ifightdragons,11.5K,651
ilhiphop,"1,886",526
jasonmrudolph,"1,034","1,550"
jayhun1dracks,37,68
kategardiner,11.3K,"5,912"
mackmuch0619,432,210
stayhumble,"4,567","3,761"
uniglory,423,905
acorreajr,"3,466","1,152"
artxtra,"2,238","1,648"
bo_jo4o,245,"2,885"
inspiringteekay,"7,813","5,426"
marcelopazzo,130,124
maygomyde,301,190
miniunis,736,664
nacho_mza,327,230
stefanux,83,44
xxkimmiee,162,66
forgor1122,204,233
fxxku2oo,130,69
gnonanip1,16,428
nongjaireal,11.2K,"1,086"
panggg38,20,377
patadon_,49,616
sm1tiktok,48,96
originality_man,58,252
papayasalad4,7,90
value_talk,11.7K,314
anawilkonchua,9,24
idwytdanm,0,0
mangpor_ka,775,210
mikkyst1,0,32
myiyhlcx,211,206
six_miles_duck,252,125
anomonny1,440,269
falldown95,3,29
fatcatinthemist,11,6
fuckingdoggyuh,1,2
marry_02t,35,250
master_aim_ans,71,313
moonwoodzz,32,36
wo2m4rch,6,67
irose015,93,207
jammyweweg,4,57
morana_94,236,75
jiyongkwonism,121,673
catonblackmoon,296,137
ez_night,78,28
killerpress,26.8K,"4,555"
koons610,12.2K,204
korborrr,"4,956",394
mimilmilks,73,264
rhy422_entb,326,382
samakida54,95,295
tattheptv,"6,390",994
pongsathornkaew,25,147
_fjsy,115,269
humancanspeak,53,258
iam_jiw,"1,666",426
lycanz14,0,162
onedaywellc,7,7
warncc,922,22
yg24894395,56,374
7o25o1vzuwhoadw,0,0
bekindtoexo,277,"1,614"
maysahaway,"4,575",106
okkie_n,30,56
t52a9gxrbqrido0,20,212
_boshabobie,887,560
deksiamm,47,416
my_dream_m,66,112
pxcyg,"7,827",8
tammmary,"1,463",639
toybaboi,210,907
dizquegabriela,661,238
drfleshandbone,"1,581",988
dverita,"1,007","1,155"
louci0s,152,420
marigaby1203,296,366
monicamateosv,10.4K,"6,741"
rubia_sol,"3,064",140
fuzzydogfuzzy,232,533
gf_yrd,21,248
gxrppo,73,427
maeeilku,735,"3,494"
mymine104,206,187
qizle,654,411
setsari,47,201
apiwatpui,16,143
defeat_u,4,149
dilok14193030,25,159
ejarung,1,4
gusinara10,144,323
hkitjarak,6,24
jugsitungyung45,186,686
kangtothek,475,308
thicha_05,"2,300",302
angkut,"7,067","1,587"
bank_xavi,"1,165",831
durongrit,471,274
ifew,"8,736","1,507"
iporsut,"1,106","1,340"
kohsija,10.2K,"6,804"
somkiat,"2,036",572
superiorm1,198,64
5implynobody,37,33
cutterflowerrrr,146,134
hcxxple,49,115
iamdiamonds,46,526
iraxxx_p,3,162
katlynnthichaa,24,639
naminomu1,240,2
ploysuparate,301,622
seasomsom,45,145
forestflower137,"1,493",135
ironkong,"3,737",629
juneniiez,74,221
nosm0_king,56,122
poonleeyavatt,5,229
ppfstt,194,413
sujiamingz,"3,199",693
tatakuna,346,710
vjonathanp,454,751
warizz,708,358
14nitip,94,331
paruspong,0,13
piyakunchan,66,37
babearmilk,2,42
bebay1004,69,417
llws_pi,30,410
milkcaramel19,583,"3,228"
miniminvjk,268,763
mlarw_g,40,906
penquin988,38,"1,072"
pwn97,"2,873",200
rosysky7,1,98
sutus_w,4,70
b42511706,0,0
fer__fern,48,263
hooograjong,7,38
nomoredeceitful,195,104
owenowenyeahh,2,4
suphachaiene,1,463
warakyp,16,79
onyx14647700,15,204
otakuoamkun,11,333
prkthyahoocom1,27,195
thaidelphiooi,943,"1,004"
v466619627,15,2
cherryzenz,11.8K,329
garn2006,"2,920","2,391"
iampotarn,"1,456",402
iceza_cream,398,192
lalalunable,"3,440",668
payakorn,"6,395","2,134"
ssynicall,16.2K,981
tsuna_mi,642,596
fiveaugust__,101,216
g_skysky,517,239
lessitsdk,43,241
lordoftherad,284,62
nha_hia,"5,024","1,414"
oothrrrr,491,"1,332"
skyyyskyysky,420,167
burapanews,171,"1,042"
sbdhmp_hm,27,213
singhbsru,669,238
snopnatt,11.3K,665
soclaimon,"4,438","4,907"
soilfertilizer,"2,083","4,514"
sunn0101,326,785
upa98512393,22,235
changesiam,"3,865","3,371"
hkambum,169,843
navigatorq1,278,12
lipinlove,868,369
satjapan,339,"2,214"
ampjessone_ss,713,701
joey06359055,2,190
joeydelay,360,339
merrygoryo,42,223
gmldnjs_k,97,416
got7ofbabybird,369,171
hanna2019_,"6,441",419
imfoxy1412,146,406
labellrain,120,113
nemomeaw,191,166
newvy_d2b,"4,418",84
omfgursocute,86,876
yamadam__,637,519
yellowhowrblue,51,187
27kkrnn,263,455
_92pyeonx,"1,647",442
dearkm137,967,783
fernbam1a,1,10
g12gify,143,"1,175"
hamham1x,1,19
ilybxtaeyong,333,250
skulltalntaln,93,499
twenturday,245,146
_chanalaaa,"1,076",244
airenaja,"1,519",728
janejuri,162,395
parnrazzi,115,530
phosparis,196,274
precise248,171,217
romeono7,73,265
slash4poppy,28,90
teeradoni,199,743
iskandr,"3,467","2,184"
mdelange,"2,100","2,365"
mystoriestotell,694,"1,017"
tommyp365,548,235
zoewi,"3,399","2,010"
hk3och,"1,222","1,542"
jayaretorres,97,55
redemoria,206,68
silva_samuelg,452,821
tiagohp,414,50
brwstanya,13,130
menanaja441,98,569
theph0enlx,7,83
_yoryies_,714,39
foxkygold,13,54
ka_gartoon,27,350
mayu00794359,30,140
ozsugzlp,12,151
1latf0zgqyahpih,838,"1,050"
bobiesho_705,351,688
moounicorn1991,77,505
peoplemob,"1,368","1,440"
trumpetsoloman,299,218
wnwannna,161,596
1000milesx_,"7,022","1,951"
bornyesterdays,72,50
inyourareaya_,0,9
klong200982,81,279
pnatmai,38,207
puchiich,19,296
raijsun1,5,2
shrimpkung1,18,311
caocaosai999,1,6
darnpanew97,27,644
mark_melon99,"1,039","1,629"
miizterious,201,562
seyainn,85,85
b_ikris90,"1,399",123
cheera_iam,"1,273",619
flamaricacid,"3,155",397
jojoezzz,237,266
nisitomun,79,57
ploytwoh,418,92
sky22190,189,492
tongg113,191,697
ximtonmi,135,235
yjcmys,103,104
555meenmeen,18,392
__nyxsq,988,167
january________,14,62
jitaejae,889,421
keep_it_all,27,236
reallpcyx,"2,066","1,299"
sachipalaldesu,42,624
zseed_oza,182,"2,565"
coolman_1966,1,78
fl8haaoqzqwwduc,20,64
nisapornn,"4,068",215
revolut84902537,5,88
save_g2g,"4,974",36
surit64011848,1,76
bowkk,"1,560",219
haveabooday,32,70
ma_son852,360,341
maximiko1,96,820
ppnagant,258,497
sincare,"3,065",942
sparking_whale,28,344
ty_ington,5,336
blogtroll,454,930
eira_deneb,"1,026",211
eleneitorrr,"6,664","5,883"
informadormx,"1,131","2,016"
la_arauz,150,141
marianosalazarr,"8,327","6,337"
rahuno,629,"1,585"
07jan_,120,93
anisabell98,19,559
hell_eve,12,155
mcls97,58,264
prangjenno,"5,977",205
anuphongjaokun,58,347
aum_pesmk,4,284
krooann1,0,0
mhakam1010,105,766
nansenpaiii,4,54
neverrn,13,551
nut_pattanapong,24,320
patch_nara,23,65
charoenchai,"2,501",837
ebernia,549,366
gimchir,157,272
inatchan,"1,107",515
ipattt,679.8K,"1,968"
lnwmac,"1,720","1,488"
mitnoi,293,19
pinmemo,187,195
supermnet,"3,940",80
beautybarbiegir,44,57
fifareferfar,31,840
iam_aey,77,288
jinny1013,59,296
krittanatcha,200,64
pornsuri,"3,646","3,245"
pukbungsmurfs,131,51
ta_anu,136,524
tingkarnmuang,319,0
vip87_whan,189,603
miniminseok___,146,"1,166"
_rightly,193,221
blannalbbee,7,422
callmeranchan,141,123
estdemocrazy,223,270
lllhere2,427,"1,777"
missnuch_,4,24
moralityyisdead,120,332
tuck87412948,31,746
whybe_85,608,60
back4evil,"1,814","1,025"
cpeeranat,64,133
fewmb_ninonk,30,228
freeubon,600,7
kissty_again01,44,152
kreammiiez,568,509
tarotryu,3,12
thadchakorn1,1,51
vergoka,71,44
iafiafiafia,141,479
neospysat,71,154
rutchadac,9,111
yearnofeastwind,80,457
_everbeenmine,"3,576",835
autto002,175,332
bad_new_mom,5,34
bfernns,911,59
film_wassa,178,44
httpswwwxalunco,224,369
ittikorn,341,420
lazyone_bingo,6,191
tumbler_p,"7,364","1,647"
_tyrsss,430,354
axbitcx_,11,56
hxxsnw,40,139
mimiybcl,432,236
mind1pen,27,487
momo_takieh,457,585
mr_setthawut,40,185
olanzabyj,392,180
arilyneedy,4,38
bbunchoo,159,80
d_lerdsak,189,157
k9_walkers,960,"1,498"
macximua,555,135
mgariston,34,82
suchartonly,"2,781",514
teera_2011,120,319
7eummw5mklvcygz,0,1
namyokenrn,452,571
ppk04916986,10,7
supannee05,2,55
payup69,30,120
thairath_pol,247.8K,195
armdhiravath,24.3K,"1,143"
myvalentine0819,"5,249",105
tri333,180.8K,20.2K
xzelica7,"1,195",935
_poidexu,60,191
hererailaisus,307,285
imababiegirl,866,234
jrshynk,498,172
khunklili1994,444,266
ktsmj1004,15K,76
okyoori,389,568
senorita_rosie,20,26
weareeeepenguin,50,879
withyourjun,44,55
_hhtr,533,29
biwjup123,154,361
dowoon695,91,90
jaoeunwoox,206,212
lamonsweeta,1,72
maskedredbird,335,224
metalcheesy,"1,597",212
mudmee25,86,406
muk_yoona,111,804
burbuabloo,"1,222",797
dolitta9,295,251
fernesso,444,243
haruand_hae,75,126
jwxxt,657,173
k_kongz,406,171
smiley_djhana,"2,471",554
theazzerare,"1,060",77
thnkm33,244,108
thrnthrn,161,688
3adwpch,"1,226","1,052"
awabitchi,585,373
honestyisbest8,"5,269",131
khunpleum,116.1K,388
komnakomta,174,264
ll3llop,7,80
mbpl_42,130,798
mekiizeno_,69,492
msparkjijoy,703,61
ofloststars,53,69
oneji_hoon,44,582
pattarawanteaw,102,"1,861"
pillowlian,59,285
pinukoy,149,278
pippinpita,"1,481",170
pokerlevisage,28,377
sunmoon_8493,36,209
x2mtt,60,245
xxxbringmilli,10,233
cchamanan,983,34
dancemocracy,484,10
homelessismex,91,"1,213"
infoquestnews,"5,054",104
onanzaa29,12,332
ratsadornrumpan,"1,353","1,001"
sarafreethought,573,3
siamrath_online,990,1
tprajanban,3,72
wearitlikeadiva,"1,133","1,337"
_coletanea,"1,155",283
andreipoamaa,600,527
ictlogist,20.9K,"1,000"
igopbcn,"6,920",72
palauiassociats,82,138
periodot_00,4,117
ricrecordtvpr,"1,852",989
seigichou_37,213,273
upfbarcelona,40.6K,"1,940"
xxxk2286,155,156
aderah_creation,76,134
imuse_a,538,732
ispeakclimate,637,"1,740"
marionmcoaching,757,"1,823"
nishaculture,"1,313","1,106"
tatiana92527606,19,25
a_na_sy,16,238
busabaworld,131,265
cherbeer9511,131,141
dllb16,95,170
hiclass47996797,124,169
jn_gig,36,29
kuantum1988,280,455
lininbigworld,9,234
lonelybenok,35,210
m__o__m__i__m,52,624
naruadee1,3,143
puppyandlucky,113,166
sai80204475,1,0
singleg16,10,128
tsyssp,527,321
w8ast,437,"1,215"
31kkhzn,230,247
amongart,187,43
arkanay_hmee,223,222
beautbto,917,403
cakaraoi,25,158
dearmissjanedoe,133,"1,002"
fernncl,"1,437",498
ghkwrtdrghyifg6,29,38
gummyrubyjane_,20,270
khingpitcha,15,441
michigan_mpsm,932,88
oniythecatxiii,"1,199",731
rittlexi,0,0
rookiesstyle,"2,278",25
star75225960,251,"4,355"
swifties378,42,285
swiftstoowell,626,294
tyron_triston,"1,068",257
v7sathorn,2,2
vic_ky_toria,994,100
_lachememanques,239,227
bluemoon___4,21,157
chanita71293203,33,64
elxl_johan,9,183
grittrx,86,161
iwhengz,"1,870",642
kinraideeka,30,87
knuaea,108,138
kphapada,60,79
mdwqx_,14.4K,105
moonchildawii,"1,398",998
ouryesterday,35,413
patlommuntew_,151,573
paulsinghth,55,313
shine_blacx,164,392
vulturezilla,648,224
yamagochichin,5,194
aoorotong,60,433
cornsot,461,397
dj_radhak,192,"1,423"
feefiws,0,5
irisblesssed,64,322
kimtae_44,22,34
kittycutecutez,27,32
masochismzx,138,741
mk_1909,74,78
myovertime_u,13,45
qraetis7,"2,137",375
sophiam18,63,151
vo617v,34,364
whoispimmy,8,428
xgogi_,537,322
aivalint,38,"1,268"
oxygen_totz,10.2K,398
pnchnnpnph,6,25
thisistow_still,"3,749",133
wooa_rm,"4,130","1,028"
3k0tumo,"1,021","1,406"
bbblbt,82,166
budsy1710,41,382
cbbyun_04,98,"1,048"
chuu_butter,212,62
i_am_nowhere_,169,874
jkfxqm,26,395
kelpie_e,5,161
kimmmffjj,99,137
lewlewlee,94,206
meijiww,"1,380",369
modsyyy,"1,298",808
nm9456,343,"1,239"
pretty87152524,0,32
rnyb_bobo,896,75
scvrene,11.2K,394
shawngreentea,491,482
ttl2ty,83,156
addoscar,250,371
addy58459407,1,38
chaiwat68691732,2,48
esszeed,3,180
jamejaruwes,636,366
jayjmjk1,15,23
kittiptp,420,536
npkj09,139,515
ssriwai,63,227
strmskl,108,"1,536"
thaifarmer_son,12.7K,392
yourboykhonkaen,165,204
cattykca,13,422
exfrostyheejinx,154,86
fer_ra_rii,418,552
findingnemx,633,540
godlileyx,411,534
idxntgiveash_t,117,120
imyourhtrxz,"2,732","2,690"
jadukxty,422,449
kadkung17,21.6K,348
miyoosung,793,477
mmmaipd,608,437
mxthawin,87,139
pmmmmnnnss,58,"1,849"
qimcha,222,345
tinyjidmel,900,898
vnxvn218,37,45
vodkaxjeno,83,98
xiaoxz_,303,354
akiza_1045,21,111
baebyybae,500,295
callmetxntxn_,124,"1,977"
chiradech,"1,239",289
cmtk_tk,56,642
dtmlulu,2,131
iam1stprix,195,466
khaosapwriting,10.3K,77
kr_kurenai,"3,872","3,511"
leaktown07,104,265
meaning0303,"2,919","2,927"
mistermhoo,212,866
moo_satoung,56,169
nannnabelle,528,562
pratchamon1,37,205
sri_tonro,"1,543",564
trendsforpope18,57,231
ysmaruz,30,26
